Paper ID,Title,URL,Summary,First Author,Publish Date,Update Date,Code URL,Stars
2502.03466v1,关于伽马射线耀变源中中红外颜色的起源,http://arxiv.org/abs/2502.03466v1,"背景。非热辐射和热辐射在γ射线喷流中的结合，将它们推到了基于广域红外巡天探测器观测数据建立的中红外三维色度图的一个特定区域，即所谓的喷流轨迹。在过去十年中，基于这些中红外颜色选择喷流候选体的方法被广泛用于寻找使用费米大型面积望远镜观测到的未关联γ射线源的对偶体，以及在光学光谱观测活动中寻找新的喷流。

目的。在这项工作中，我们提供了喷流轨迹起源的理论描述，并展示了如何使用仅由三个光谱成分组成的模型合理地再现它：一个对非热辐射负责的对数抛物线，以及一个椭圆宿主星系和尘埃环对热辐射负责。

方法。我们模拟了喷流的能谱分布，从纯对数抛物线模型开始，然后通过添加模板椭圆星系和尘埃环来增加其复杂性。从这些模拟中，我们计算了中红外亮度和相应的颜色，以创建我们自己的喷流轨迹版本。

结果。我们的建模允许选择能够更好地表征γ射线喷流中红外辐射的光谱参数，例如对数抛物线曲率（50%的样本中$\beta < 0.04$）和平均光谱峰值约为$E_p \approx 1.5 \times 10^{-13}$ erg。我们还发现，对数抛物线是观测到的中红外喷流颜色背后的主要光谱成分，尽管宿主星系和尘埃环等附加成分对于精确重建喷流轨迹至关重要。","Raniere de Menezes

（请注意，这个名字是一个人名，通常不需要翻译，除非有特定的文化或语境要求。）",2025-02-05,2025-02-05,,N/A
2502.03465v1,一窥世界动态之概貌,http://arxiv.org/abs/2502.03465v1,我们考虑了如何高效地以空间和时间上连贯的方式表示随意捕获的单目视频的问题。虽然现有的方法主要依赖于2D/2.5D技术，将视频视为时空像素的集合，但由于缺乏时间上的连贯性和显式的3D结构，它们在处理复杂运动、遮挡和几何一致性方面存在困难。受到单目视频作为动态3D世界投影的启发，我们探索通过时空中的高斯基元连续流动来表示视频的内在3D形式。在本文中，我们提出了NutWorld，这是一个新颖的框架，它通过单次前向传递高效地将单目视频转换为动态3D高斯表示。在核心部分，NutWorld引入了一种结构化的时空对齐高斯（STAG）表示，使得场景建模无需优化，同时实现有效的深度和流正则化。通过全面的实验，我们证明了NutWorld在实现高保真视频重建质量的同时，还能支持实时各种下游应用。演示和代码将在https://github.com/Nut-World/NutWorld上提供。,秋红沈,2025-02-05,2025-02-05,,N/A
2502.03462v1,高效的林德布莱德合成方法用于噪声模型构建,http://arxiv.org/abs/2502.03462v1,有效的噪声模型对于分析和理解量子系统的动力学至关重要，尤其是在量子错误纠正和校正等应用中。然而，即使噪声过程在孤立状态下得到了很好的表征，影响目标量子操作的有效噪声通道也可能存在显著差异，因为不同的门以不同的方式经历噪声。在这里，我们提出了一种噪声模型构建方法，该方法从对同时作用于所需门操作的物理噪声过程的Lindbladian描述中构建一个有效模型。它采用了Magnus展开和Dyson级数，可以用于多量子比特量子门噪声通道的低阶符号和高阶数值近似。我们设想了我们的噪声构建方法的多重用途案例，例如：(i) 从学习到的Lindbladian计算相应的噪声通道，以及(ii) 从给定硬件架构出发，使用物理上激励的Lindbladian生成噪声通道。通过这样做，我们缩小了物理Lindbladian和操作层面噪声模型参数之间的差距。我们展示了我们的符号噪声构建与各种双量子比特门的全数值Lindblad模拟之间在孤立状态以及三量子比特和四量子比特场景下的强烈一致性，对于各种物理上激励的噪声源。我们的符号构建提供了噪声模型参数如何依赖于底层物理噪声参数的有用分解，这为我们提供了对错误结构的定性洞察。例如，我们的理论提供了对Lindbladian噪声与预期门操作之间相互作用的洞察，并可以预测局部Lindbladian噪声如何有效地传播到多量子比特错误中。,莫伊恩·马莱卡赫拉格,2025-02-05,2025-02-05,,N/A
2502.03461v1,大型语言模型基准测试是否检验了其可靠性？,http://arxiv.org/abs/2502.03461v1,在部署大型语言模型（LLMs）时，确保这些模型不仅能力强，而且可靠至关重要。已经创建了众多基准来追踪LLMs能力的发展，然而，在衡量其可靠性方面却缺乏类似的关注。为了理解这一差距可能带来的潜在影响，我们研究了当前基准在量化模型可靠性方面的效果。我们发现，普遍存在的标签错误可能会损害这些评估，掩盖模型中持续存在的故障，并隐藏不可靠的行为。受这一可靠性评估差距的启发，我们随后提出了所谓的“铂金基准”概念，即精心策划以最大限度地减少标签错误和模糊性的基准。作为构建此类基准的第一步尝试，我们对十五个现有流行基准的示例进行了修订。我们在这些铂金基准上评估了广泛的各种模型，并发现，前沿LLMs在诸如基础数学单词问题等简单任务上仍然存在故障。进一步分析这些故障揭示了前沿模型在持续努力解决的问题上的先前未识别的模式。我们提供的代码可在https://github.com/MadryLab/platinum-benchmarks上找到。,约书亚·文德罗,2025-02-05,2025-02-05,,N/A
2502.03460v1,Adapt-Pruner：自适应结构剪枝，用于高效的小型语言模型训练,http://arxiv.org/abs/2502.03460v1,小型语言模型（SLMs）因其广泛的应用前景，吸引了学术界和工业界的广泛关注。为了获得性能强大的SLMs，传统的做法要么是从头开始预训练模型，这会带来巨大的计算成本，要么是对现有的大型语言模型（LLMs）进行压缩/剪枝，这会导致性能下降，并且与从头预训练相比有所不足。在这篇论文中，我们研究了涉及结构化剪枝和模型训练的加速方法系列。我们发现：1）层级自适应剪枝（Adapt-Pruner）在LLMs中非常有效，并且比现有的剪枝技术带来了显著的改进；2）配备进一步训练的自适应剪枝使得模型与从头预训练的模型相当；3）增量剪枝通过将剪枝与训练交替进行，并且每次只移除一小部分神经元（约5%），从而带来了非微不足道的性能提升。在LLaMA-3.1-8B上的实验结果表明，Adapt-Pruner在常识基准测试中的准确率平均比传统的剪枝方法（如LLM-Pruner、FLAP和SliceGPT）高出1%-7%。此外，Adapt-Pruner通过从更大的模型中进行剪枝，将MobileLLM-125M在MMLU基准测试上的性能恢复到600M，而所需的标记数量减少了200倍，并且发现了一个新的1B模型，在多个基准测试中超过了LLaMA-3.2-1B。,王博尧,2025-02-05,2025-02-05,,N/A
2502.03459v1,日常生活活动理解用骨骼诱导视觉-语言嵌入模型（SKI Models）,http://arxiv.org/abs/2502.03459v1,引入像CLIP这样的视觉-语言模型，使得能够开发出能够泛化到未见视频和人类行为的底层视频模型。然而，这些模型通常是在网络视频上训练的，而这些视频往往无法捕捉到日常生活活动（ADL）视频中的挑战。现有工作通过结合3D骨骼和RGB视频来解决ADL特定的挑战，如相似的外观、微妙的运动模式和多个视角。然而，这些方法没有与语言结合，限制了它们泛化到未见动作类别的能力。在本文中，我们介绍了SKI模型，该模型将3D骨骼整合到视觉-语言嵌入空间中。SKI模型利用骨骼-语言模型SkeletonCLIP，通过协同训练将骨骼信息注入视觉语言模型（VLMs）和大型视觉语言模型（LVLMs）。值得注意的是，SKI模型在推理过程中不需要骨骼数据，这增强了它们在实际应用中的鲁棒性。SKI模型的有效性在三个流行的ADL数据集上得到了验证，用于零样本动作识别和视频字幕生成任务。,阿卡普拉瓦·辛哈,2025-02-05,2025-02-05,,N/A
2502.03457v1,极值聚类：对弱引力透镜临界点功率谱在弱非线性区域的理论研究描述,http://arxiv.org/abs/2502.03457v1,在宇宙网络分析中，与传统的宇宙学探测方法互补，局部极值（例如峰值和空洞）的两点相关函数（2PCFs）对于研究天体物理现象和宇宙结构形成具有重要意义。然而，大多数先前的研究都是通过N体模拟构建这些统计量，而没有从第一原理出发进行稳健的理论推导。分析地描述这些局部极值的2PCFs，并考虑宇宙晚期非线性引力演化，具有强烈的动机。在本文中，我们推导了二维临界点（包括峰值、空洞和鞍点）的功率谱和2PCFs的解析公式，这些临界点存在于弱引力透镜的非高斯弱引力透镜场中。我们应用了扰动偏振展开来模拟二维临界点的聚集。我们成功推导出弱引力透镜临界点的功率谱，直到引力扰动理论的次次领先阶（NNLO），其中必须包括弱引力透镜场的三谱配置。我们数值评估了这些功率谱，直到次领先阶（NLO），这对应于包括双谱配置，并将它们转换为相应的2PCFs。我们假设密度场服从高斯分布，进行了精确的蒙特卡洛（MC）积分，以验证我们的理论预测。总体而言，我们发现二维与先前从N体模拟中测量的三维临界点聚集具有相似的性质。与标准的透镜功率谱分析不同，我们发现由于梯度约束和曲率约束，透镜峰值2PCFs中存在明显的BAO特征，我们量化了这种非高斯性在准线性尺度上占信号的约10%，这对于当前阶段的IV级调查可能很重要。,郑阳光工,2025-02-05,2025-02-05,,N/A
2502.03455v1,DESI强透镜铸造厂I：使用GIGA-Lens的HST观测和建模,http://arxiv.org/abs/2502.03455v1,我们介绍了暗能量光谱仪（DESI）强引力透镜工厂。我们利用残差神经网络（ResNet）在DESI遗产成像调查中发现了约3500个新的强引力透镜候选者。我们使用哈勃太空望远镜（HST）观测了我们候选者的一部分（51个），并确认它们全部都是强引力透镜。我们还简要描述了DESI和凯克NIRES项目进行的光谱后续观测。从这个非常丰富的数据集中，将开展多项研究，包括评估ResNet搜索候选者的质量以及透镜建模。在本文中，我们展示了我们在这些方向上的初步努力。特别是，作为一个演示，我们展示了DESI-165.4754-06.0423的透镜模型，该模型使用了来自HST的成像数据，以及来自DESI和凯克NIRES的透镜和源红移数据。我们使用了一个快速、完全正向建模的贝叶斯流程，GIGA-Lens。这是第一次使用GPU对具有HST数据或任何高分辨率成像的强引力透镜进行建模。,黄X（请注意，这里“X”代表一个字母，通常在中文中不会直接翻译字母，而是按照拼音来表示，但为了保持原样，这里用“X”来表示。）,2025-02-05,2025-02-05,,N/A
2502.03454v1,三维电路上的最小时间机动动力学规划与精确执行,http://arxiv.org/abs/2502.03454v1,在三维（3D）赛道的自动驾驶赛车比赛中，在线规划和执行最短时间操控是一个开放性的挑战。在这篇论文中，我们提出了一种人工赛车手（ARD），用于学习车辆动力学，并在3D赛道上规划和执行最短时间操控。ARD将一种新颖的动力学车辆模型（KD）与经济非线性模型预测控制（E-NMPC）相结合。我们使用一个高保真车辆模拟器（VS）来比较闭环ARD结果与最小圈速最优控制问题（MLT-VS），该问题使用相同的VS离线求解。我们的ARD将圈速设定得接近MLT-VS，并且新的KD模型优于文献中的基准。最后，我们研究了车辆轨迹，以评估ARD在执行误差下的重新规划能力。主要结果的视频作为补充材料提供。,马蒂亚·皮奇尼尼,2025-02-05,2025-02-05,,N/A
2502.03452v1,六角极性磁体Y_3Co_8Sn_4中的非常规异常霍尔效应,http://arxiv.org/abs/2502.03452v1,我们报告了一种在六方非中心对称磁体Y_3Co_8Sn_4中实现的非常规反常霍尔效应（UAHE），这种效应在磁转变温度（T_C）以下和以上都存在，这是通过结合实验和从头算计算得出的。这种UAHE的出现主要归因于反演对称性（KS）拓扑结构（即费米能级附近存在拓扑魏尔点），以及从测量的场依赖性交流磁化率推断出的拓扑磁性纹理的一些贡献。然而，UAHE对测量到的传输行为的影响在T_C以上和以下随温度变化而不同，这表明两个相中负责的物理机制不同。实验发现，在T_C以下，具有ab平面作为易磁化面的独特平面铁磁序是最稳定的状态。模拟的总磁化强度和每个钴原子的磁矩与测量值相当吻合。在当前化合物的T_C以上和以下（以及T_C以下）的相中，也观察到了相当大的各向异性霍尔效应（AHC），这并不那么普遍。我们的结果强调了R_3Co_8Sn_4（R=稀土）极性磁体家族作为探索拓扑磁性和非平凡电子能带之间协同作用的有力背景，这对于自旋电子学应用至关重要。,阿斯法尔·艾哈迈德,2025-02-05,2025-02-05,,N/A
2502.03450v1,基于大型语言模型（LLMs）的场景图推理的Schema-Guided Reason-while-Retrieve框架,http://arxiv.org/abs/2502.03450v1,场景图已经作为一种结构化和可序列化的环境表示，用于与大型语言模型（LLMs）进行基于事实的空间推理。在本研究中，我们提出了SG-RwR，这是一种基于模式的检索-推理框架，用于利用场景图进行推理和规划。我们的方法使用了两个协作的、编写代码的LLM智能体：（1）推理智能体，用于任务规划和生成信息查询；（2）检索智能体，用于根据查询提取相应的图信息。两个智能体迭代协作，实现了对图信息的顺序推理和自适应关注。与以往的工作不同，两个智能体只根据场景图模式进行提示，而不是完整的图数据，这通过限制输入令牌来减少幻觉，并促使推理智能体抽象地生成推理轨迹。在追踪轨迹后，检索智能体根据模式理解程序化地查询场景图数据，从而实现对图信息的动态和全局关注，增强了推理与检索之间的对齐。通过在多个模拟环境中的实验，我们表明我们的框架在数值问答和规划任务中优于现有的基于LLM的方法，并且可以从任务级别的少量示例中受益，即使在缺乏智能体级别的演示的情况下。项目代码将发布。,陈毅叶,2025-02-05,2025-02-05,,N/A
2502.03449v1,服装1到3：单张图像到具有扩散先验和可微分物理学的仿真准备3D服装,http://arxiv.org/abs/2502.03449v1,近年来，大型模型在图像到3D重建方面的进步显著。然而，生成的模型通常被融合成一个整体，这限制了它们在下游任务中的应用。本文聚焦于3D服装生成，这是虚拟试穿等应用的关键领域，这些应用需要服装可以分离且适用于模拟。我们介绍了Dress-1-to-3，这是一种新颖的流程，可以从野外图像中重建出具有缝纫图案和人体的物理可解释、模拟就绪的分离服装。从图像开始，我们的方法结合了一个预训练的图像到缝纫图案生成模型来创建粗略的缝纫图案，以及一个预训练的多视角扩散模型来生成多视角图像。然后，使用基于生成的多视角图像的可微服装模拟器进一步细化缝纫图案。多样化的实验表明，我们的优化方法显著提高了重建的3D服装和人体与输入图像的几何对齐。此外，通过集成纹理生成模块和人体运动生成模块，我们产生了定制的物理可解释和逼真的动态服装演示。项目页面：https://dress-1-to-3.github.io/,玄丽,2025-02-05,2025-02-05,,N/A
2502.03445v1,TensorQC：通过张量网络实现可扩展的分布式量子计算,http://arxiv.org/abs/2502.03445v1,量子处理单元（QPU）必须包含大量高质量的量子比特，才能在有用规模的问题上产生准确的结果。相比之下，大多数科学和工业上的经典计算工作负载都在分布式系统上并行执行，这些系统依赖于在多个核心之间复制数据。不幸的是，由于量子非克隆理论，理论上禁止复制量子数据。相反，量子电路切割技术将大型量子电路切割成多个较小的子电路，将这些子电路分布在并行QPU上，并通过经典计算重建结果。这些技术使得分布式混合量子计算（DHQC）成为可能，但也引入了与切割数量呈指数关系的经典协同处理成本，并且很容易变得难以处理。本文提出了TensorQC，它利用经典张量网络在状态-of-the-art并行化后处理技术上带来指数级的运行时间优势。因此，本文展示了对于独立QPU和先前电路切割技术来说原本难以处理的基准测试。具体来说，本文使用目前可用的QPU和单个GPU运行了六个现实基准测试，并将QPU的大小和质量要求与纯量子平台相比降低了超过10倍。,魏唐,2025-02-05,2025-02-05,,N/A
2502.03444v1,带遮罩的自动编码器是扩散模型有效的标记化器。,http://arxiv.org/abs/2502.03444v1,最近在潜在扩散模型方面的进展已经证明了其在高分辨率图像合成方面的有效性。然而，从分词器生成的潜在空间特性，对于更好地学习和生成扩散模型，仍处于探索不足的状态。从理论和实证上，我们发现，改进的生成质量与具有更好结构的潜在分布密切相关，例如那些具有较少高斯混合模式且具有更多判别特征的分布。受这些见解的启发，我们提出了MAETok，这是一种利用掩码建模来自学习语义丰富的潜在空间，同时保持重建保真度的自动编码器（AE）。大量的实验验证了我们的分析，表明自动编码器的变分形式并非必要，仅凭AE的判别性潜在空间就能在仅使用128个标记的情况下，在ImageNet生成任务上实现最先进的性能。MAETok实现了显著的实用改进，使得gFID达到1.69，训练速度提高了76倍，推理吞吐量提高了31倍，用于512x512的生成。我们的发现表明，潜在空间的结构，而不是变分约束，对于有效的扩散模型至关重要。代码和训练模型已发布。,郝晨,2025-02-05,2025-02-05,,N/A
2502.03443v1,顶夸克自旋相关性作为区分LHC中$Zt\bar t$末态中伪标量$A \to ZH$和标量$H \to ZA$信号的工具,http://arxiv.org/abs/2502.03443v1,ATLAS和CMS最近首次对一种重新的spin-0共振态进行了搜索，这种共振态衰变成一个较轻的新spin-0共振态和一个$Z$玻色子，而较轻的spin-0共振态随后衰变成$t \bar t$对。这些搜索对探测双希格斯双态模型（2HDM）参数空间区域特别感兴趣，这些区域预测了强烈的首次电弱相变。在没有CP破坏的情况下，如果较轻和较重的spin-0粒子具有相反的CP奇偶性，则所研究的衰变是可能的。ATLAS和CMS采用的分析方法无法区分两种可能的信号$A \to ZH$和$H \to ZA$，其中$A$和$H$分别表示CP奇偶性和CP偶性希格斯玻色子，如果两种信号都预测具有相同的事务截面。我们展示了角度变量的能力，这些变量对顶夸克的角动量相关性敏感，可以区分$A \to ZH$和$H \to ZA$衰变，即使在两种信号都具有相同总截面的情况下。以600 GeV和800 GeV的质量作为代表性的2HDM基准，我们发现，如果$t \bar t$系统的不变质量分布进一步在由顶夸子衰变产生的轻子飞行方向定义的角度变量中分箱，那么可以通过高亮度LHC预期的数据以高显著性区分两种可能的通道。此外，我们发现由于对两种信号都提高了背景拒绝能力，实验灵敏度有所提高。,弗朗西斯科·阿科,2025-02-05,2025-02-05,,N/A
2502.03438v1,BFS-Prover：基于LLM的自动定理证明的可扩展最佳优先树搜索,http://arxiv.org/abs/2502.03438v1,最近大型语言模型（LLMs）的进步激发了人们使用Lean4进行自动定理证明的兴趣，其中有效的树搜索方法对于导航证明搜索空间至关重要。尽管现有的方法主要依赖于值函数和蒙特卡洛树搜索（MCTS），但像最佳优先搜索（BFS）这样更简单的方法的潜力尚未得到充分探索。本文研究了BFS是否能够在大规模定理证明任务中实现有竞争力的性能。我们提出了一个可扩展的专家迭代框架\texttt{BFS-Prover}，它具有三个关键创新。首先，我们在每个专家迭代轮次中实施战略数据过滤，排除可以通过束搜索节点扩展解决的问题，以专注于更难的情况。其次，我们通过直接偏好优化（DPO）提高了BFS的样本效率，该优化应用于自动标注了编译器错误反馈的状态策略对，从而细化LLM的策略，优先考虑有生产力的扩展。第三，我们在BFS中采用长度归一化，以鼓励探索更深的证明路径。\texttt{BFS-Prover}在MiniF2F测试集中取得了71.31分的成绩，因此挑战了复杂树搜索方法必要性的看法，证明了当适当扩展时，BFS可以实现有竞争力的性能。,冉欣,2025-02-05,2025-02-05,,N/A
2502.03437v1,《Hecke特征值和的二次矩》第一部分,http://arxiv.org/abs/2502.03437v1,"设$f$为$\mathrm{SL}_2(\mathbb{Z})$的重量为$k$的Hecke半自守形式，并且用$(\lambda_f(n))_{n\geq1}$表示其（适当归一化）的Hecke特征值序列。我们计算在平均意义上，对于重量较大的$k$的半自守形式$f$，在求和$x$的长度小于$k^2$的范围内，求和$S(x,f)=\sum_{x\leq n\leq 2x}\lambda_f(n)$的第一和第二矩。我们观察到当$x\approx k$和$x\approx k^2$时，求和的大小发生了有趣的转变。在后续的工作（第二部分）中，将证明一旦$x$大于$k^2$（后者转变发生的地方），求和$S(x,f)$的平均大小将显著减小。",内德·卡迈克尔,2025-02-05,2025-02-05,,N/A
2502.03436v1,Hecke特征值和的二次矩第二部分,http://arxiv.org/abs/2502.03436v1,"设 $f$ 是 $\mathrm{SL}_2(\mathbb{Z})$ 的一个重量为 $k$ 的 Hecke 峰值形式，并且用 $(\lambda_f(n))_{n\geq 1}$ 表示其（适当归一化）的 Hecke 特征值序列。我们计算了在平均意义上，对于重量较大的 $k$ 的形式 $f$，求和 $S(x,f)=\sum_{x\leq n\leq 2x} \lambda_f(n)$ 的第一和第二矩。证明表明，当求和的长度 $x$ 大于 $k^2$ 时，第二矩的大小大约是 $x^{1/2}$。这与 $x$ 略小于 $k^2$ 的情形形成鲜明对比，在前面的工作中（第一部分）已经证明，在该情形下第二矩的大小是 $x$。",内德·卡迈克尔,2025-02-05,2025-02-05,,N/A
2502.03435v1,迈出大步：去噪评分匹配中的大学习率防止了记忆化,http://arxiv.org/abs/2502.03435v1,去噪得分匹配在基于扩散的生成模型性能中扮演着关键角色。然而，经验最优得分——去噪得分匹配的精确解——会导致记忆化，即生成的样本复制了训练数据。但在实践中，即使没有显式的正则化，观察到的记忆化程度也仅限于中等。在本文中，我们通过揭示由大学习率驱动的隐式正则化机制来研究这一现象。具体来说，我们表明在小噪声环境下，经验最优得分表现出高度的随机性。然后我们证明，当使用足够大的学习率进行随机梯度下降训练时，神经网络无法稳定地收敛到一个具有任意小剩余风险的局部最小值。因此，学习到的得分不能任意接近经验最优得分，从而减轻了记忆化。为了使分析可行，我们考虑了一维数据和两层神经网络。实验验证了学习率在防止记忆化中的关键作用，即使在超越一维设置的情况下也是如此。,吴宇涵,2025-02-05,2025-02-05,,N/A
2502.03434v1,Krylov空间中监控SSH模型的动力学：从复杂性到量子Fisher信息,http://arxiv.org/abs/2502.03434v1,在这篇论文中，我们研究了由克里洛夫空间中受监测的SSH模型的无点击极限产生的非厄米SSH模型的动力学。我们发现，与克里洛夫子空间中状态扩散相关的复杂度的饱和时间尺度随着测量率的增加而增加，并且在$\mathrm{PT}$对称性转变点处的时间行为有所不同。此外，将这种复杂性的概念扩展到克里洛夫空间中的子系统，我们发现其晚期值与子系统大小的比例在$\mathrm{PT}$转变点处出现不连续的跳跃，这表明它可以作为这种转变的合适序参量，但不能作为测量诱导转变的序参量。最后，我们表明可以使用克里洛夫子空间中的广义测量来检测测量诱导的转变，这种广义测量包含了关于相关景观的信息，例如量子费舍尔信息，它也与复杂度泛函具有一些结构上的相似性。,尼拉查尔·查克拉巴蒂,2025-02-05,2025-02-05,,N/A
2502.03433v1,分析2024年美国总统选举期间在Discord上的政治话语,http://arxiv.org/abs/2502.03433v1,社交媒体网络放大了社会和政治运动的影响力，但大部分研究都集中在像X、Reddit和Facebook这样的主流平台上，而忽略了Discord。作为一个快速增长的、由社区驱动的平台，Discord拥有可选的分散式管理，为研究政治话语提供了独特的机遇。本研究分析了来自Discord上政治服务器的超过3000万条消息，这些消息讨论了2024年美国大选。根据服务器的描述，将服务器分为共和党派、民主党派或无党派。我们追踪了关键竞选活动期间政治对话的变化，并通过嵌入分析识别了语义关联中的独特政治倾向和隐含偏见。我们观察到，共和党派服务器强调经济政策，而民主党派服务器则关注与平等相关的进步事业。此外，在卡玛拉·哈里斯提名后，我们检测到共和党派服务器中性别歧视等有毒语言的增加。这些发现为Discord上的政治行为提供了首次观察，突出了其在塑造和了解在线政治参与中的日益增长的作用。,亚瑟·布泽林,2025-02-05,2025-02-05,,N/A
2502.03430v1,基于时间卷积网络的方法和结肠镜视频时间分割的基准数据集,http://arxiv.org/abs/2502.03430v1,随着近期计算机辅助结肠镜检测和诊断系统的发展，结肠镜检查程序的自动化报告有望进一步革新临床实践。这些系统发展中一个关键但尚未充分探索的方面是创建能够自主将完整结肠镜检查视频分割成解剖部位和程序阶段的计算机视觉模型。在本研究中，我们旨在创建这个任务的首个开放获取数据集，并提出一种最先进的方法，并将其与竞争性模型进行基准测试。我们对公开可用的REAL-Colon数据集进行了标注，该数据集包含来自60个完整结肠镜检查视频的270万帧画面，标注了九个类别中解剖位置和结肠镜检查阶段的帧级标签。然后，我们提出了ColonTCN，这是一种基于学习的架构，采用了定制的时序卷积块，旨在高效地捕捉结肠镜检查视频的长期时序依赖关系。我们还提出了一种双k折交叉验证评估协议，该协议包括对未见过的多中心数据进行模型评估。ColonTCN在分类准确率方面实现了最先进的性能，同时在采用两种提出的k折交叉验证设置进行评估时，参数数量保持较低，优于竞争性模型。我们报告了消融研究，以提供对这个任务挑战的见解，并突出了定制时序卷积块的好处，这些块增强了学习并提高了模型效率。我们相信，所提出的开放获取基准和ColonTCN方法在结肠镜检查程序的时间分割方面取得了重大进步，促进了进一步开放获取研究以满足这一临床需求。,卡洛·比菲,2025-02-05,2025-02-05,,N/A
2502.03429v1,关于统一多模态大型语言模型在图像生成中的公平性,http://arxiv.org/abs/2502.03429v1,统一的多模态大型语言模型（U-MLLMs）在端到端流程中的视觉理解和生成方面表现出令人印象深刻的性能。与仅生成模型（例如，Stable Diffusion）相比，U-MLLMs可能会在其输出中引发关于偏见的新的问题，这些问题可能受到其统一能力的影响。鉴于传播有害刻板印象的风险尚未得到充分探索，这种差距尤其令人担忧。在这篇论文中，我们对最新的U-MLLMs进行了基准测试，发现大多数模型都表现出明显的群体偏见，如性别和种族偏见。为了更好地理解和缓解这个问题，我们提出了一种“定位然后修复”策略，其中我们审计并展示了单个模型组件如何受到偏见的影响。我们的分析表明，偏见主要源于语言模型。更有趣的是，我们在U-MLLMs中观察到一种“部分对齐”现象，即对偏见的理解似乎很小，但生成偏见仍然很大。因此，我们提出了一种新的平衡偏好模型，以平衡群体分布和合成数据。实验表明，我们的方法在保持语义准确性的同时减少了群体偏见。我们希望我们的发现强调了未来对U-MLLMs进行更全面解释和去偏见策略的必要性。,明刘,2025-02-05,2025-02-05,,N/A
2502.03428v1,通过小量子点传播超短电压脉冲,http://arxiv.org/abs/2502.03428v1,在纳米电子干涉仪中，时间分辨的超快激发的连贯传输预计将展现出干涉和时间依赖性驱动之间的有趣相互作用。然而，解锁这种物理现象所需的典型频率在太赫兹范围内，使其观测变得具有挑战性。在这项工作中，我们考虑了由超短电压脉冲产生的激发通过一个小量子点的传播，我们认为这个系统可以在显著较低的频率下显示出类似的物理现象。我们使用一个单共振能级与两个受时间依赖性电压偏置的无限电极连接来模拟这个系统。对于短脉冲，我们预测该点的行为与长脉冲（绝热）极限截然不同：电流实际上与电压脉冲的幅度振荡。在超快极限下，我们预测电流甚至可能是负的，即与电压降相反。我们的结果是通过两种方法的结合获得的，这两种方法在定量上是一致的：超快和超慢极限下的显式解析表达式以及精确的数值模拟。我们讨论了我们的发现的应用性，并得出结论，这个系统应该可以通过现有的实验平台实现。,托马斯·克洛斯,2025-02-05,2025-02-05,,N/A
2502.03427v1,智能水表安全且可扩展的数据收集和存储的混合区块链-IPFS解决方案,http://arxiv.org/abs/2502.03427v1,可扩展且安全的数据管理在物联网（IoT）应用中至关重要，例如智能水表，在这些应用中，由于数据量巨大，传统的区块链存储可能会受到限制。本文研究了混合区块链和星际文件系统（IPFS）方法，旨在通过将大量数据从链下卸载到IPFS，同时保持链上完整性，以优化存储效率、提高吞吐量和减少区块时间。开发了一种基于底层的私有区块链来存储智能水表（SWM）数据，并进行了控制实验以评估在有和无IPFS的情况下区块链的性能。分析了包括区块大小、区块时间和交易吞吐量在内的关键指标，这些指标在不同数据量和节点数量下进行了比较。结果显示，集成IPFS显著降低了链上存储需求，与仅使用区块链的存储相比，区块大小更小，吞吐量更高，区块时间更短。这些发现突出了混合区块链-IPFS模型在高效且安全地管理大量物联网数据方面的潜力。,Thandile Nododile 这个名字看起来像是一个人名，直接翻译成中文可能没有实际意义，因为它是一个非洲的名字。如果需要保留其原名，可以将其音译为“桑迪莱·诺多迪莱”。如果需要根据上下文进行翻译或者解释，请提供更多信息。,2025-02-05,2025-02-05,,N/A
2502.03426v1,TruePose：基于人体解析引导的注意力扩散，实现全ID保留的姿态迁移,http://arxiv.org/abs/2502.03426v1,姿态引导的人像图像合成（PGPIS）能够在源图像中保持主体的身份，同时采用指定的目标姿态（例如骨骼）。虽然基于扩散的PGPIS方法在姿态转换过程中有效地保留了面部特征，但它们在扩散过程中往往难以准确保持源图像中的服装细节。当源姿态和目标姿态之间存在显著差异时，这一局限性尤其成问题，这严重影响了PGPIS在时尚行业中的应用，因为在版权保护中，服装风格的保留至关重要。我们的分析表明，这一局限性主要源于条件扩散模型中的注意力模块未能充分捕捉和保留服装图案。为了解决这一局限性，我们提出了人像分割引导的注意力扩散（HPAD），这是一种新颖的方法，能够在生成高质量结果的同时有效地保留面部和服装外观。我们提出了一种人像分割感知的Siamese网络，它由三个关键组件组成：双重的相同UNets（TargetNet用于扩散去噪和SourceNet用于源图像嵌入提取）、人像分割引导的融合注意力（HPFA）和CLIP引导的注意力对齐（CAA）。HPFA和CAA模块能够自适应和有效地将面部和服装图案嵌入到目标图像生成中。在店内服装检索基准和最新的野外人像编辑数据集上进行的广泛实验表明，我们的方法在保留源图像中的面部和服装外观方面相对于13个基线方法具有显著优势。,徐志宏,2025-02-05,2025-02-05,,N/A
2502.03425v1,利用大型语言模型进行精选代码审查,http://arxiv.org/abs/2502.03425v1,在代码审查过程中，生成结构化和相关的评论对于识别代码问题以及促进准确修改代码以确保高效的代码审查流程至关重要。精心设计的评论不仅能够简化代码审查过程，而且在后续任务中，如代码改进，即根据输入的审查评论修改代码，也是必不可少的。尽管有各种基于人工智能的方法旨在自动化评论生成，但它们的有效性仍然受到训练数据质量的限制。现有的代码审查数据集通常噪声大、质量不高，这限制了人工智能模型的学习潜力，并阻碍了自动化过程。为了应对这些挑战，我们提出了一种编纂流程，旨在提高最大公开代码审查数据集的质量。我们首先建立了一个评估框架，纳入了特定的标准和类别，以实证研究数据集的初始质量。然后，我们采用大型语言模型（LLM）驱动的方法，应用我们的编纂流程来精炼数据集。基于相同的评估框架，对新编纂的数据集进行比较分析，表明评论的清晰度和简洁性有了显著提高。此外，我们还评估了编纂数据集对自动化下游任务的影响，特别是评论生成和代码改进。我们的研究发现，编纂数据集在生成更准确的评论方面提高了模型性能。编纂的评论也更加有用，因为它们能导致更准确的代码改进。,奥萨马·本·什加耶尔,2025-02-05,2025-02-05,,N/A
2502.03424v1,使用可微分代理预测建筑结构中最易燃点的预测,http://arxiv.org/abs/2502.03424v1,消防安全是土木工程和机械工程研究的关键领域，尤其是在确保建筑物在火灾事件中的结构稳定性方面。结构中最易燃点（MFSP）是火灾对结构稳定性影响最大的位置。准确预测MFSP对于简化结构评估和优化设计过程至关重要。本文提出了一种基于神经网络的方法，通过可微分代理模型将火灾动力学和有限元分析相结合，用于预测MFSP的新框架。该框架侧重于预测最大层间位移比（MIDR），这是火灾条件下结构性能的关键指标。通过利用可微分代理模型，我们高效地生成了MFSP的标记数据，并直接训练了一个预测器来预测这一关键指标。为此，我们生成了涵盖结构和火灾场景的广泛模拟数据，并使用图神经网络来表示建筑结构。应用迁移学习优化了训练过程，并引入了边更新机制，以动态调整边属性，反映火灾条件下的属性变化。所提出的模型在模拟数据上进行了严格评估，证明了其在准确预测MIDR和MFSP方面的强大性能，从而推动了建筑结构消防安全分析的发展。,袁新杰,2025-02-05,2025-02-05,,N/A
2502.03422v1,基于概念的解释和类别对比,http://arxiv.org/abs/2502.03422v1,解释深度神经网络具有挑战性，因为它们规模庞大且非线性。在本文中，我们介绍了一种基于概念的解释方法，旨在解释对单个类别的预测，以及对比任何两个类别，即解释为什么模型预测一个类别而不是另一个。我们在ImageNet1K上训练的几个公开可用的分类模型以及用于检测肿瘤组织样本的分割模型上进行了测试。我们进行了定性和定量测试。例如，对于来自PyTorch模型库的ResNet50模型，我们可以使用解释为什么模型预测类别'A'来自动选择六个数据集裁剪，在这些裁剪中模型没有预测类别'A'。然后，模型在71%的情况下（在1000个类别中的710个类别上）再次预测类别'A'。代码包括一个.ipynb示例，可在git上获取：https://github.com/rherdt185/concept-based-explanations-and-class-contrasting。,鲁道夫·赫德特,2025-02-05,2025-02-05,,N/A
2502.03421v1,调查企业社会责任倡议：审视企业对新冠疫情的应对案例,http://arxiv.org/abs/2502.03421v1,在信息自由获取的今天，政策制定者在做出影响相关利益相关者的决策时，必须考虑大量信息。虽然信息来源和文档数量的增加提高了基于现有文本库的决策可信度，但政策制定者理解这些信息却颇具挑战。本文展示了政策制定者如何实施一些最受欢迎的主题识别方法，包括潜在狄利克雷分配、深度分布式表示方法、文本摘要方法、基于词的句子排序方法和句子提取的TextRank方法，以总结大量文档的内容，理解信息过载的核心。我们已将流行的自然语言处理方法应用于新冠疫情早期和后期发布的公司新闻稿，这导致了全球前所未有的健康和社会经济危机，在此期间，政策制定和监管对于规范公司实践、保障员工和社会福利，以应对未来可能出现的类似未知危机，变得尤为重要。本研究采取的步骤可以在任何其他社会决策环境中复制，以从相关文档中获得见解。,梅赫尔莉·巴苏,2025-02-05,2025-02-05,,N/A
2502.03420v1,文本到图像生成模型能否准确描绘年龄？合成肖像生成与年龄估计的比较研究,http://arxiv.org/abs/2502.03420v1,文本到图像生成模型在产生多样化和逼真的输出方面取得了显著的进步。在本文中，我们全面分析了它们在创建准确反映各种人口统计属性（特别是年龄、国籍和性别）的合成肖像方面的有效性。我们的评估采用了指定详细个人资料的提示（例如，“一个32岁加拿大男性的逼真自拍照片”），涵盖了212个国籍、从10岁到78岁的30个不同的年龄段，以及平衡的性别代表。我们将生成的图像与两个成熟的年龄估计模型的地面真实年龄估计进行比较，以评估年龄的描绘是否忠实。我们的发现表明，尽管文本到图像模型可以持续生成反映不同身份的面孔，但它们捕捉特定年龄的准确性以及在不同人口背景下的表现仍然高度可变。这些结果表明，当前的合成数据可能不足以可靠地用于需要稳健精确度的高风险年龄相关任务，除非从业者准备投入大量精力进行过滤和整理。然而，它们在不太敏感或探索性应用中可能仍然有用，在这些应用中，绝对年龄精度不是关键。,亚历克谢·A·诺维科夫,2025-02-05,2025-02-05,,N/A
2502.03419v1,通过自适应自由视角比和视场调整动态缓解网络不适症,http://arxiv.org/abs/2502.03419v1,本文介绍了一种新颖的自适应虚拟现实（VR）系统，旨在通过动态、实时的调整来减轻沉浸式环境中的网络不适感。该系统利用在头部跟踪和运动学数据上训练的机器学习（ML）模型，实时预测网络不适感水平。自适应系统调整注视点渲染（FFR）强度和视野（FOV）以增强用户舒适度。为了在可用性和系统性能之间取得平衡，我们相信我们的方法将优化用户体验和性能。响应用户需求，我们的工作探索了基于机器学习的反馈循环在用户体验管理中的潜力，为以用户为中心的VR系统设计做出了贡献。,"Ananth N. Ramaseri-Chandra

（这个名字已经是地道的中文形式，不需要翻译。）",2025-02-05,2025-02-05,,N/A
2502.03418v1,思考还是逐步进行？在零样本提示中解开黑盒的步骤,http://arxiv.org/abs/2502.03418v1,零样本提示技术显著提升了大型语言模型（LLMs）的性能。然而，我们对为什么零样本提示如此有效缺乏清晰的理解。例如，在提示“让我们一步步思考”中，“思考”或“一步步”哪个对它的成功更为关键？现有的可解释性方法，如基于梯度和基于注意力的方法，计算量大，且仅限于开源模型。我们引入了ZIP分数（零样本扰动重要性分数），这是一个适用于开源和闭源模型的通用指标，基于系统的输入词扰动。我们在四个最近的LLMs、七个广泛使用的提示和几个任务上进行的实验，揭示了单词重要性的有趣模式。例如，虽然“一步步”和“思考”都显示出较高的ZIP分数，但哪个更有影响力则取决于模型和任务。我们通过控制实验验证了我们的方法，并将我们的结果与人类判断进行了比较，发现专有模型在关于单词重要性的直觉上与人类更接近。这些发现增强了我们对LLM行为的理解，并有助于开发更有效的零样本提示和改进模型分析。,尼基塔·戈哈里·萨德雷,2025-02-05,2025-02-05,,N/A
2502.03417v1,从特性到Transformer：重新定义可扩展影响的排名,http://arxiv.org/abs/2502.03417v1,我们推出了LiGR，这是一个由LinkedIn开发的大规模排序框架，它将最先进的基于transformer的建模架构引入生产。我们介绍了一种改进的transformer架构，该架构结合了学习到的归一化和对用户历史和排序项目的同步集合式注意力。这种架构实现了几个突破性的成就，包括：（1）大多数手动设计的特征工程被废弃，仅使用少量特征（与基线中的数百个特征相比）就超越了之前的最先进系统，（2）验证了排序系统的扩展定律，表明随着模型规模增大、训练数据增多和上下文序列变长，性能得到提升，（3）以集合式方式对集合中的项目进行同步评分，从而在多样性方面实现自动改进。为了实现大型排序模型的效率化服务，我们描述了使用单次处理用户历史和集合式注意力来有效扩展推理的技术。我们还总结了各种消融研究和A/B测试的关键见解，突出了最具影响力的技术方法。,费多罗·博里休克,2025-02-05,2025-02-05,,N/A
2502.03412v1,基于深度强化学习的电动汽车充电站二次电池利用率优化,http://arxiv.org/abs/2502.03412v1,电动汽车（EV）的快速普及给管理大量退役的EV电池带来了重大挑战。研究表明，来自EV的二次寿命电池（SLB）通常保留着相当大的剩余容量，提供了更长的使用价值。这些电池可以有效地重新用于电动汽车充电站（EVCS），作为一种成本效益高的替代方案，减少了对新电池的需求，并降低了整体规划成本。将电池能量存储系统（BESS）与SLB整合到EVCS中是一种缓解系统过载的有前景的策略。然而，由于电动汽车到达和离开时间的波动以及电网中变化的电价等不确定性，集成BESS的EVCS的运行效率受到了阻碍。本文提出了一种基于深度强化学习（DRL）的规划框架，用于配备BESS的EV充电站，并利用SLB。我们采用了先进的软演员-评论家（SAC）方法，使用一年的数据进行模型训练，以考虑季节性变化，包括工作日和节假日。一个定制的奖励函数使得离线训练变得有效，允许在不确定性下实时优化EVCS的运行。,罗兹贝·哈吉吉,2025-02-05,2025-02-05,,N/A
2502.03410v1,无知的热力学代价：使用一个辅助量子比特进行热态制备,http://arxiv.org/abs/2502.03410v1,在这项工作中，我们研究了一种热化模型，其中单个辅助量子比特随机与要热化的系统相互作用。这不仅揭示了自然界中吉布斯态的出现，还为在数字量子计算机上制备任意热态提供了一种常规方法。对于所需的$\beta$和随机相互作用$G$，该常规方法简化为独立于时间的哈密顿量模拟，并由通道$\Phi : \rho \mapsto \mathbb{E}_G {\rm Tr}_{\rm Env} \left[ e^{-i(H + \alpha G)t}\left(\rho \otimes \frac{e^{-\beta H_E}}{\mathcal{Z}}\right) e^{i (H + \alpha G)t} \right]$表示。我们严格证明了这些动力学在弱耦合极限下简化为马尔可夫链过程，其中热态作为近似的固定点。我们用马尔可夫链特征间隙$\lambda_\star$来上界所需的总体模拟时间，我们在基态极限中精确计算了它。这些结果与系统的任何特征值知识无关，但我们进一步证明，如果知道特征值差$\lambda_S(i) - \lambda_S(j)$，则总体模拟时间将显著减少。完全无知模拟成本与完美知识模拟成本之比按$\widetilde{O}\left({\frac{\|{H_S}\|^7}{\delta_{\rm min}^7 \epsilon^{3.5}\lambda_\star(\beta)^{3.5}}}\right)$的比例缩放，其中$\delta_{\min}$与系统的特征值差有关。此外，我们还为单量子比特和简谐振荡子系统提供了更具体的结果，以及氢链的数值实验。除了算法优势外，这些结果可以被视为重复相互作用模型对未知相互作用的通用哈密顿量的广泛扩展，为量子系统的热化过程提供了一个完整的图景。,马修·哈根,2025-02-05,2025-02-05,,N/A
2502.03407v1,使用线性探头检测战略欺骗,http://arxiv.org/abs/2502.03407v1,AI模型可能会在策划或行为不匹配的情况下使用欺骗策略。仅仅监控输出是不够的，因为AI可能会产生看似无害的输出，而其内部推理却是不匹配的。因此，我们评估了线性探针是否能够通过监控模型激活来稳健地检测欺骗。我们测试了两个探针训练数据集，一个包含诚实或欺骗的对比指令（遵循Zou等人，2023年的研究），另一个包含对简单角色扮演场景的回应。我们测试了这些探针是否能够推广到现实场景中，例如Llama-3.3-70B-Instruct在隐藏内幕交易（Scheurer等人，2023年）和故意在安全评估中表现不佳（Benton等人，2024年）时的欺骗行为。我们发现，在我们的评估数据集中，我们的探针能够将诚实和欺骗的回应区分开来，其AUROC值在0.96到0.999之间。如果我们把决策阈值设定为在非欺骗相关的聊天数据中具有1%的假阳性率，我们的探针能够捕捉到95-99%的欺骗回应。总的来说，我们认为白盒探针对于未来的监控系统是有希望的，但目前的性能作为对抗欺骗的稳健防御还不够。我们的探针输出可以在data.apolloresearch.ai/dd查看，我们的代码可以在github.com/ApolloResearch/deception-detection上找到。,尼古拉斯·戈尔多夫斯基-迪尔,2025-02-05,2025-02-05,,N/A
2502.03406v1,利用利润数据估算出口-生产率门槛轮廓：一种新颖的阈值估计方法,http://arxiv.org/abs/2502.03406v1,本文在国际经济学领域提出了一种新的方法来估算企业特有的市场进入门槛，该方法允许固定成本随着生产率的变化而变化。我们的框架将市场进入建模为生产率和可观察的固定成本指标之间的相互作用，将传统的单门槛模型扩展到具有集合值门槛的模型。将此方法应用于中国企业的数据，我们将出口市场进入门槛估计为国内销售额和固定成本代理变量的函数。结果表明，存在显著的异质性和门槛轮廓，挑战了传统的单门槛点假设。这些发现为企业行为提供了新的见解，并为贸易研究中的进一步理论和实证进步奠定了基础。,彼得·H·埃格格尔,2025-02-05,2025-02-05,,N/A
2502.03405v1,深度聚类通过概率比割优化,http://arxiv.org/abs/2502.03405v1,我们提出了一种新的方法来优化图比率割，通过将二元分配建模为随机变量。我们提供了一个期望比率割的上界，以及其梯度的无偏估计，以便在在线环境中学习分配变量的参数。我们概率方法（PRCut）得到的聚类结果优于组合问题的Rayleigh商松弛、其在线学习方法以及几种广泛使用的方法。我们证明了PRCut聚类与相似度度量紧密一致，并且在提供基于标签的相似度时可以与监督分类器一样表现良好。这种新颖的方法可以利用现成的自监督表示来达到有竞争力的性能，并可作为这些表示质量的一种评估方法。,"这个短语“Ayoub Ghriss”看起来像是一个人名。在中文中，我们可以直接按照拼音来翻译或者保留原名。以下是两种翻译方式：

1. 按拼音翻译：艾尤布·格里斯
2. 保留原名：阿尤布·格里斯",2025-02-05,2025-02-05,,N/A
2502.03402v1,张量演化：一种使用递归快速评估张量计算的框架,http://arxiv.org/abs/2502.03402v1,本文介绍了一种新的数学框架，用于分析和优化包围循环中的张量表达式。张量是多维数值数组。它们在高性能计算（HPC）和机器学习领域非常常见。我们的框架扩展了ScalarEvolution（SCEV）——一个在LLVM和GCC中实现的重要优化过程——将其应用于张量。Scalar Evolution（SCEV）依赖于“递推链”理论作为其数学基础。我们使用相同的理论来构建Tensor Evolution（TeV）。虽然SCEV中的一些概念可以轻松映射到TeV——例如逐元素操作；张量引入了新的操作，如连接、切片、广播、归约和重塑，这些操作在标量和SCEV中都没有对应项。并非所有计算都适合TeV分析，但它可以在机器学习和HPC编译器的优化和分析部分发挥作用。此外，对于许多数学/编译器理念，一旦其他人在此基础上进行构建并进一步发展，其应用可能超出最初的设想。我们希望张量演化概念也能有类似的轨迹。,Javed Absar 这个名字看起来像是一个人名，直接翻译成中文就是“贾维德·阿斯巴尔”。如果需要更地道的表达方式，可以翻译为“贾维德·阿斯巴”。,2025-02-05,2025-02-05,,N/A
2502.03400v1,密集审查者：基于密集检索的系统评价筛选优先级工具,http://arxiv.org/abs/2502.03400v1,筛查是一项耗时且劳动密集型的任务，但在医学系统综述中却是必不可少的，因为往往需要筛选成千上万项研究。优先筛选出相关的研究可以使得后续的系统综述创建任务提前开始，从而节省时间。在之前的研究中，我们开发了一种密集检索方法，在标题和摘要筛选阶段通过审稿人的反馈来优先筛选相关研究。我们的方法在有效性和效率方面都优于之前的活动学习方法。在本演示中，我们通过以下方式扩展了这项前期工作：（1）创建了一个基于网络的筛查工具，允许最终用户利用最先进的方法进行筛查；（2）开发了一个Python库，集成了模型和反馈机制，使得研究人员能够开发和展示新的活动学习方法。我们描述了该工具的设计，并展示了它如何帮助筛查。该工具可在https://densereviewer.ielab.io获取。源代码也已在https://github.com/ielab/densereviewer上开源。,毛新宇,2025-02-05,2025-02-05,,N/A
2502.03398v1,人工智能在不同网络安全概念中的应用,http://arxiv.org/abs/2502.03398v1,每个安全系统的障碍与网络攻击的增加相结合，对网络安全管理的效果产生负面影响，增加了安全人员和网络管理员需要采取的行动。因此，对自动化审计和智能报告策略的需求日益增长，以实现尽可能少的模型复杂度的可靠网络安全。最近，人工智能在解决各种网络安全问题方面得到了有效应用，已经进行了许多研究，这些研究利用了各种人工智能技术，用于加密和安全的通信，此外，还利用人工智能在极短的时间内执行大量数据加密操作。本研究旨在介绍和讨论最近在网络安全领域使用的人工智能最显著的方法，包括用户认证、密钥交换、加密/解密、数据完整性和入侵检测系统。,马蒙·A·阿尔贾巴尔,2025-02-05,2025-02-05,,N/A
2502.03397v1,SPRI：将大型语言模型与情境化原则相一致,http://arxiv.org/abs/2502.03397v1,将大型语言模型与人类价值观相结合，特别是在需要复杂人类监督的任务中，是一项艰巨的任务，因为这需要依赖人类专业知识进行特定情境的指导，既费时又费力。先前的研究已经利用预定义的规则或原则来引导模型的行为（Bai等人，2022年；Sun等人，2023年）。然而，这些原则往往过于通用，难以适应每个单独的输入查询或情境。在本研究中，我们提出了情境原则框架（Situated-PRInciples，简称SPRI），这是一个需要最少或不需要人类努力，旨在为每个输入查询实时生成指导原则，并利用这些原则来调整每个响应的框架。我们在三个任务上评估了SPRI，并表明：1）SPRI能够在复杂的专业领域任务中推导出原则，其性能与专家手工制作的原则相当；2）SPRI生成的原则导致实例特定的评分标准，优于先前的LLM作为评判框架；3）使用SPRI生成合成SFT数据，在真实性方面取得了显著提升。我们将在https://github.com/honglizhan/SPRI-public上发布我们的代码和模型生成。,张红丽,2025-02-05,2025-02-05,,N/A
2502.03396v1,基于人工智能驱动的医疗ITS数字孪生中的精确紧急车辆定位跟踪,http://arxiv.org/abs/2502.03396v1,为医疗智能交通系统（HITS）创建一个数字孪生（DT）是当前热门的研究趋势，该趋势着重于提升HITS的管理，尤其是在紧急情况下，救护车必须准时到达事故现场，而实时追踪其位置对于医疗部门至关重要。尽管声称实现了实时表示，但物理域和虚拟域之间仍然存在时间错位，导致救护车位置表示出现差异。本研究提出在构建的模拟DT数据管道框架中整合人工智能预测模型，特别是支持向量回归（SVR）和深度神经网络（DNN），以预测医疗车辆在虚拟世界中的下一个位置。这些模型使虚拟表示与其物理对应物对齐，即比喻性地缩短了两个世界之间的同步延迟。SVR和DNN在历史地理空间数据集上经过精心训练，在MATLAB和Python环境中表现出卓越的预测精度。通过各种测试场景，我们直观地展示了我们方法的有效性，展示了SVR和DNN在显著减少HITS的DT中观察到的差距中的关键作用。这种变革性的方法将紧急HITS的实时同步性提高了约88%至93%。,萨拉·沙雷达,2025-02-05,2025-02-05,,N/A
2502.03395v1,基准测试时间序列预测模型：从统计技术到现实应用中的基础模型,http://arxiv.org/abs/2502.03395v1,时间序列预测对于酒店行业的运营智能至关重要，尤其是在大规模、分布式系统中尤为具有挑战性。本研究评估了统计、机器学习（ML）、深度学习和基础模型在利用德国数千家餐厅的真实世界数据预测14天内的每小时销售额方面的性能。预测解决方案包括天气条件、日历事件和一天中的时间模式等特征。结果显示，基于机器学习的元模型表现出色，并突出了像Chronos和TimesFM这样的基础模型所展现的潜力，这些模型通过最小化特征工程，仅利用预训练模型（零样本推理）就实现了有竞争力的性能。此外，混合PySpark-Pandas方法被证明是大型部署中实现横向扩展的稳健解决方案。,伊萨尔·阿拉伯,2025-02-05,2025-02-05,,N/A
2502.03394v1,单畴粒子中的退磁效应,http://arxiv.org/abs/2502.03394v1,根据经典磁学定律，磁性软物体的形状限制了有效磁化率。例如，球形软磁体无法表现出大于3的有效磁化率。虽然这一规律适用于宏观的多畴磁材料，但我们发现，处于单畴状态的磁性纳米粒子并不受此限制。我们发现，沿主轴方向的退磁系数差异与单畴粒子的磁化率有关，并可能影响磁化率，但并不像多畴粒子那样限制磁化率。我们通过实验验证了这一结果，实验对象是直径（8至150纳米）和体积分数（0.1至47体积百分比）不同的球形纳米粒子。与我们预测的一致，我们测量到的单畴粒子的磁化率大多超过3，实际上高达250以上。此外，与现有模型相反，我们发现，在非磁性基质中，非相互作用单畴粒子的磁化率与粒子的体积分数呈简单线性关系。,马蒂亚斯·赞巴赫,2025-02-05,2025-02-05,,N/A
2502.03393v1,CAPE：针对流行病时间序列预测的协变量调整预训练,http://arxiv.org/abs/2502.03393v1,准确预测疫情感染轨迹对于保障公共卫生至关重要。然而，在新兴疫情爆发期间数据可用性有限，以及环境因素与疾病动态之间的复杂相互作用，给有效预测带来了重大挑战。为此，我们引入了CAPE，这是一种新颖的流行病预训练框架，旨在利用来自不同地区的广泛疾病数据集，并将环境因素直接整合到建模过程中，以便在下游疾病决策中做出更明智的决策。基于协变量调整框架，CAPE利用预训练结合分层环境对比，识别疾病之间的普遍模式，同时估计潜在的环境影响。我们汇编了一个多样化的流行病时间序列数据集，并在包括全样本、少样本、零样本、跨地点和跨疾病设置的各种评估场景下验证了CAPE的有效性，在全样本设置中平均优于领先基线9.9%，在零样本设置中平均优于14.3%。代码将在接受后发布。,刘泽文,2025-02-05,2025-02-05,,N/A
2502.03391v1,请简要解释！具有简洁充分理由的自我解释神经网络,http://arxiv.org/abs/2502.03391v1,最小充分理由代表了一种普遍的解释形式——输入特征的最小子集，当这些特征保持在其对应值不变时，可以确保预测结果保持不变。以往的后验方法试图获得这样的解释，但面临两个主要局限：(1) 获得这些子集是一个计算挑战，导致大多数可扩展的方法趋向于次优、意义较小的子集；(2) 这些方法严重依赖对分布外输入分配的采样，可能导致反直觉的行为。为了解决这些局限，我们在本研究中提出了一种自监督训练方法，我们称之为“充分子集训练”（SST）。使用SST，我们训练模型在输出时生成其预测的简洁充分理由作为其输出的一个组成部分。我们的结果表明，我们的框架比竞争的后验方法更高效地产生简洁且忠实于实际的子集，同时保持了可比的预测性能。,沙哈夫·巴桑,2025-02-05,2025-02-05,,N/A
2502.03390v1,来自BOSS DR12和DES第三年测量的完整形状分析中的相互作用暗能量约束,http://arxiv.org/abs/2502.03390v1,暗散射（DS）是一种相互作用暗能量模型，其特征是暗能量和暗物质之间进行纯动量交换。由于它不受宇宙微波背景辐射（CMB）数据约束，并且可以缓解$S_8$张力，因此它在现象学上很有趣。我们利用暗能量巡天第三年数据发布（DES Y3）中的三个二点相关函数（3×2pt）推导了对宇宙学和暗散射参数的约束。然后，我们结合了来自星系功率谱的多极信息以及使用巴里奥纳声学振荡（BAO）测量值，这些测量值来自巴里奥纳振荡光谱巡天第十二次数据发布（BOSS DR12）和外部BAO测量值。我们将直接结合探测结果与使用正则化流方法计算的联合后验分布进行比较。此外，我们还运行了使用普朗克公共发布4（PR4）的宇宙微波背景辐射分析，以比较宇宙学约束。总体而言，我们发现结合探测结果可以最小化投影效应，并提高约束，而无需包含宇宙微波背景辐射信息。这使得边缘化后验最大值更接近相应的最佳拟合值，并减弱了对光谱建模扰动参数先验的敏感性。鉴于即将到来的DESI、Euclid和Rubin等调查的数据，这些发现具有重要意义。,"M. Tsedrik

（请注意，这只是一个名字的翻译，没有上下文的情况下，这个名字可能不需要翻译，或者直接按照拼音来翻译。）如果需要翻译成中文，可以保留原名或者根据发音进行音译：

Tsedrik先生/女士（如果是男性或女性名字）

或者

策德里克先生/女士（根据发音的直译）",2025-02-05,2025-02-05,,N/A
2502.03388v1,关于TWDP衰落过程的模拟与相关性特性,http://arxiv.org/abs/2502.03388v1,本文介绍了一种新型的统计模拟器，旨在模拟双向扩散功率（TWDP）衰落信道中的传播。该模拟器使用两个零均值随机正弦波来模拟镜面反射成分，而使用正弦波的叠加来模拟扩散成分。利用所开发的模拟器，首次在文献中推导了经历TWDP衰落信道的正交分量的自相关和互相关函数，以及复包络和平方包络的自相关函数。通过广泛的模拟验证了所提模拟器的统计特性，这些模拟结果与理论结果高度一致。,Almir Maric 是一个名字，通常不需要翻译，直接按照拼音读作“阿尔米尔·马里奇”。如果需要翻译成中文，可以写作“阿尔米尔·马里克”。,2025-02-05,2025-02-05,,N/A
2502.03387v1,LIMO：简约是推理之道,http://arxiv.org/abs/2502.03387v1,我们提出了一项基础性的发现，这一发现挑战了我们对于大型语言模型中复杂推理如何产生的理解。尽管传统观点认为，复杂的推理任务需要大量的训练数据（超过10万个例子），但我们证明，通过极少的例子，可以有效地激发复杂的数学推理能力。通过全面的实验，我们提出的模型LIMO在数学推理方面展现了前所未有的性能。仅使用817个精心挑选的训练样本，LIMO在AIME上的准确率达到57.1%，在MATH上达到94.8%，分别比之前基于SFT的模型提高了6.5%和59.2%，而只使用了之前方法所需训练数据的1%。LIMO展示了出色的跨分布泛化能力，在10个不同的基准测试中实现了40.5%的绝对提升，超越了在100倍更多数据上训练的模型，挑战了SFT导致的是记忆而非泛化的观点。基于这些结果，我们提出了“少即是多推理假说”（LIMO假说）：在预训练期间已全面编码领域知识的基座模型中，通过最小但精确编排的认知过程演示，可以产生复杂的推理能力。这一假说认为，复杂推理的激发阈值由两个关键因素决定：（1）模型在预训练期间编码的知识基础的完整性；（2）后训练示例作为“认知模板”的有效性，这些模板向模型展示如何利用其知识库来解决复杂的推理任务。为了促进数据高效推理的可重复性和未来研究，我们将LIMO作为一个全面的开源套件发布在https://github.com/GAIR-NLP/LIMO。,叶一心,2025-02-05,2025-02-05,,N/A
2502.03386v1,基于概率模型的非平衡数据分类的结构化推理框架,http://arxiv.org/abs/2502.03386v1,本文研究了一种针对不平衡数据的马尔可夫网络模型，旨在解决传统机器学习模型在类别分布不均的环境下存在的分类偏差和少数类识别能力不足的问题。通过构建联合概率分布和条件依赖，该模型能够实现样本类别的全局建模和推理优化。研究引入了边缘概率估计和加权损失优化策略，结合正则化约束和结构化推理方法，有效提升了模型的一般化能力和鲁棒性。在实验阶段，选取了一个真实的信用卡欺诈检测数据集，并将其与逻辑回归、支持向量机、随机森林和XGBoost等模型进行了比较。实验结果表明，马尔可夫网络在加权准确率、F1分数和AUC-ROC等指标上表现良好，显著优于传统分类模型，展示了其在不平衡数据场景中的强大决策能力和适用性。未来的研究可以聚焦于高效模型训练、结构优化以及在大规模不平衡数据环境中与深度学习的融合，以促进其在金融风险控制、医疗诊断和智能监控等实际应用中的广泛应用。,杜俊良,2025-02-05,2025-02-05,,N/A
2502.03382v1,高保真实时语音到语音翻译,http://arxiv.org/abs/2502.03382v1,我们介绍了Hibiki，这是一个仅用于解码的同步语音翻译模型。Hibiki利用多流语言模型同步处理源语言和目标语言的语音，并联合生成文本和音频标记，以执行语音到文本和语音到语音的翻译。此外，我们还解决了同步口译的基本挑战，与逐句口译不同，后者需要等待源语言表述结束才开始翻译，Hibiki通过积累足够的信息以实时、分块地生成正确的翻译。为此，我们引入了一种弱监督方法，该方法利用现成文本翻译系统的困惑度来确定每个单词的最佳延迟，并创建对齐的合成数据。经过监督训练后，Hibiki使用标准温度采样进行自适应的同步语音翻译。在法语-英语同步语音翻译任务中，Hibiki在翻译质量、说话人忠实度和自然度方面展现了最先进的性能。此外，其推理过程的简单性使其兼容于批量翻译，甚至可以在设备上实时部署。我们提供了示例以及模型和推理代码。,汤姆·拉比奥斯塞,2025-02-05,2025-02-05,,N/A
2502.03383v1,变压器及其在时间序列基础模型中的角色,http://arxiv.org/abs/2502.03383v1,我们对作为时间序列基础模型的变压器进行了全面分析，重点关注它们的近似和泛化能力。首先，我们证明了存在通过梯度下降拟合输入单变量时间序列的自回归模型的变压器。然后，我们分析了MOIRAI，这是一个能够处理任意数量协变量的多元时间序列基础模型。我们证明它能够自动拟合具有任意数量协变量的自回归模型，并对其设计和实证成功提供了见解。对于泛化，我们建立了当数据满足Dobrushin条件时预训练的界限。实验支持了我们的理论发现，突出了变压器作为时间序列基础模型的功效。,吴迪尼斯,2025-02-05,2025-02-05,,N/A
2502.03381v1,将自动语音识别技术融入远程医疗翻译：一项关于其对翻译质量影响的试点研究,http://arxiv.org/abs/2502.03381v1,本文报告了一项试点研究结果，该研究调查了自动语音识别（ASR）技术对远程医疗口译环境中口译质量的影响。该研究采用了一种被试内实验设计，包含四个随机条件，利用脚本化的医疗咨询来模拟对话口译任务。研究涉及四名具有中英语言组合的实习生口译员。它还通过提示式回顾报告和半结构化访谈收集了参与者对ASR支持的经验和看法。初步数据显示，ASR的可用性，特别是对完整ASR转录本和基于ASR的ChatGPT生成的摘要的访问，有效地提高了口译质量。不同类型的ASR输出对口译错误类型的分布产生了不同的影响。参与者报告了与该技术相似的交互体验，并表达了对完整ASR转录本的偏好。这项试点研究展示了将ASR应用于基于对话的医疗口译的鼓舞人心的结果，并提供了关于如何以最佳方式呈现ASR输出以增强口译员体验和表现的见解。然而，应强调的是，本研究的主要目的是验证方法论，并且需要更大样本量的进一步研究来证实这些发现。,石一潭,2025-02-05,2025-02-05,,N/A
2502.03379v1,泊松假设与大型神经元网络的极限,http://arxiv.org/abs/2502.03379v1,我们研究了线性（漏电）和二次积分与点火神经元在空间扩展网络中的平均场描述，这些神经元的点火时间具有随机性。我们考虑具有线性及二次内在动力学的连续时间Galves-Löcherbach（GL）网络的大规模种群极限。我们证明了对于这些网络的副本平均场极限，泊松假设成立，即在适当的极限下，神经元是独立的，相互作用时间被替换为独立的时间非齐次泊松过程，其强度取决于平均点火率，将已知结果扩展到具有二次内在动力学和重置的网络。证明泊松假设成立，为研究这些网络的大规模种群极限开辟了可能性。我们证明了这一极限是一个有良好定义的神经网络模型，受随机重置的影响。,丹尼尔·阿维塔比莱,2025-02-05,2025-02-05,,N/A
2502.03377v1,节能飞行LoRa网关：一种多智能体强化学习方法,http://arxiv.org/abs/2502.03377v1,随着下一代物联网（NG-IoT）网络的快速发展，连接设备的数量不断增加，导致能源消耗激增。这种能源需求的增长对资源可用性提出了重大挑战，并对大规模物联网部署的可持续性引发了担忧。因此，在通信网络中实现高效的能源利用，特别是对于能源受限的物联网设备，已成为一个关键的研究领域。在本文中，我们部署了安装在无人机（UAV）上的飞行LoRa网关（GW），用于收集LoRa终端设备（ED）的数据并将其传输到中央服务器。我们的主要目标是通过对传输功率（TP）、扩频因子（SF）、带宽（W）和ED关联的联合优化，最大化无线LoRa网络的全球系统能源效率（EE）。为了解决这个具有挑战性的问题，我们将问题建模为部分可观察马尔可夫决策过程（POMDP），其中每个飞行LoRa网关作为学习代理，在集中式训练和分布式执行（CTDE）下采用合作多智能体强化学习（MARL）方法。仿真结果表明，基于多智能体近端策略优化（MAPPO）算法的我们提出的方法，显著提高了全球系统能源效率，并超越了传统的MARL方案。,阿卜杜拉希·伊萨·艾哈迈德,2025-02-05,2025-02-05,,N/A
2502.03375v1,基于Hier-SUCB的交互式可视化推荐,http://arxiv.org/abs/2502.03375v1,可视化推荐旨在实现大规模数据集的快速视觉分析。在现实场景中，快速收集和理解用户偏好对于覆盖来自不同背景的用户至关重要，包括不同的技能水平和分析任务。以往针对个性化可视化推荐的方案是非交互式的，依赖于新用户的初始数据。因此，这些模型无法有效地探索选项或适应实时反馈。为了解决这一局限性，我们提出了一种交互式个性化可视化推荐（PVisRec）系统，该系统能够从之前的交互中学习用户反馈。为了实现更互动和准确的推荐，我们在PVisRec环境中提出了Hier-SUCB，这是一种上下文组合半伯努利算法。从理论上讲，我们展示了具有相同时间排名但动作空间排名改进的改进整体遗憾界限。我们进一步通过广泛的实验证明了Hier-SUCB的有效性，在这些实验中，它与离线方法相当，并在可视化推荐环境中优于其他伯努利算法。,胡松文,2025-02-05,2025-02-05,,N/A
2502.03374v1,一个具有不连续驻波的可显式求解的非线性薛定谔（NLS）模型,http://arxiv.org/abs/2502.03374v1,我们研究了在线性空间上存在点相互作用（由吸引性的delta势和偶极相互作用叠加而成）的非线性薛定谔方程。在能量空间中，它会在原点引起不连续性，从而破坏了宇称对称性。我们处理了$L^2$-亚临界和非线性以及$L^2$-临界非线性。对于亚临界非线性，我们证明了在任意质量下基态的存在性和唯一性，即所有具有相同质量的函数中相关能量的正最小值。如果质量大于一个显式的阈值，那么存在另一个定态解，即激发态，它也是正的。对于临界非线性，我们证明了基态只存在于特定质量区间内。此外，一个激发态分支存在于与基态质量区间不重叠的质量范围内。对于偶极相互作用，即没有Dirac的delta函数，所有基态都集中在相同的质量值上，所有激发态都集中在另一个质量值上。这两个质量都取决于偶极相互作用的强度。此外，我们提供了Gagliardo-Nirenberg估计中最优常数的值，并详细描述了从未受扰动的孤子产生的两个定态分支的分支现象，提供了表征两个分支质量的质心的动机，在无限强度偶极相互作用的极限下。由于所有定态都是显式计算的，因此我们的模型是一个可解模型，涉及非线性与点相互作用的非标准相互作用，在意义上比众所周知的delta相互作用与非线性模型更为丰富。,里卡多·阿达米,2025-02-05,2025-02-05,,N/A
2502.03373v1,揭开大型语言模型中长链思维推理的神秘面纱,http://arxiv.org/abs/2502.03373v1,扩大推理计算能力可以增强大型语言模型（LLMs）的推理能力，长思维链（CoTs）使得回溯和错误纠正等策略成为可能。强化学习（RL）已成为开发这些能力的关键方法，然而，长CoT出现的条件仍然不明确，RL训练需要谨慎的设计选择。在这项研究中，我们系统地研究了长CoT推理的机制，确定了使模型能够生成长CoT轨迹的关键因素。通过大量的监督微调（SFT）和RL实验，我们提出了以下四个主要发现：（1）虽然SFT并非绝对必要，但它简化了训练并提高了效率；（2）推理能力往往随着训练计算能力的增加而出现，但其发展并非必然，因此奖励塑造对于稳定CoT长度增长至关重要；（3）扩展可验证的奖励信号对于RL至关重要。我们发现，利用带有过滤机制的噪声、网络提取的解决方案具有强大的潜力，尤其是在STEM推理等分布外（OOD）任务中；（4）像错误纠正这样的核心能力在基础模型中固有存在，但通过RL有效地激励这些技能以完成复杂任务需要大量的计算，而测量其出现需要细致的方法。这些见解为优化训练策略以增强LLMs中的长CoT推理提供了实用的指导。我们的代码可在以下网址获取：https://github.com/eddycmu/demystify-long-cot。,爱德华·叶,2025-02-05,2025-02-05,,N/A
2502.03372v1,活性凝固模型中的时间尺度竞争,http://arxiv.org/abs/2502.03372v1,在活跃动力学之上叠加的扩散过程为捕捉活系统中涌现的集体行为提供了一个新的理论框架。我考虑的是跑跳动力学与聚沉/解聚反应相结合，导致吸收态相变。虽然活跃动力学不会改变相变点的位置，但向稳态的弛豫依赖于运动参数。由于扩散动力学和主动运动之间的竞争，系统可以支持长寿的电流，其典型时间尺度是非平凡的函数，取决于运动性和反应速率。在平均场之外，有限长度尺度的不稳定性调节了从周期性到扩散模式的转变。最后，在长时间尺度上，可以区分出不同的图案形成机制，从费舍尔-柯尔莫哥洛夫方程到卡达尔-帕里西-张方程。,马泰奥·帕奥卢齐,2025-02-05,2025-02-05,,N/A
2502.03370v1,基于深度学习的马铃薯叶片病害识别方法，采用包装特征选择和特征拼接技术,http://arxiv.org/abs/2502.03370v1,土豆是全球许多地区广泛种植的作物。在最近几十年里，土豆种植在全球范围内取得了惊人的发展势头。土豆容易受到多种疾病的侵袭，这些疾病会阻碍其生长。这种植物似乎存在严重的叶病。早疫病和晚疫病是影响土豆植株的两种常见叶病。及早发现这些疾病对于提高这种作物的产量大有裨益。理想的解决方案是利用图像处理技术来识别和分析这些病害。在这里，我们提出了一种基于图像处理和机器学习的自主方法，用于检测影响土豆叶片的晚疫病。该方法包括四个不同的阶段：（1）使用直方图均衡化来提高输入图像的质量；（2）使用深度卷积神经网络（CNN）模型进行特征提取，然后将提取的特征连接起来；（3）使用基于包装器的特征选择方法进行特征选择；（4）使用支持向量机（SVM）分类器和其变体进行分类。通过选择550个特征，该方法使用SVM达到了最高的99%准确率。,穆罕默德·阿赫桑·纳伊姆,2025-02-05,2025-02-05,,N/A
2502.03368v1,PalimpChat：声明式与交互式人工智能分析,http://arxiv.org/abs/2502.03368v1,得益于生成架构和大型语言模型的发展，数据科学家现在可以编写机器学习操作的流水线代码，以处理大量非结构化数据。最近的进展见证了声明式AI框架（例如，Palimpzest、Lotus和DocETL）的兴起，用于构建优化且日益复杂的流水线，但这些系统通常只有专家程序员才能访问。在本演示中，我们介绍了PalimpChat，这是一个基于聊天的Palimpzest界面，通过仅使用自然语言让用户创建和运行复杂的AI流水线，从而弥合了这一差距。通过集成基于ReAct推理代理的Archytas和Palimpzest的系列关系和基于LLM的操作，PalimpChat提供了一个实际示例，展示了聊天界面如何使声明式AI框架真正对非专家用户可访问。我们的演示系统已在网络上公开。在SIGMOD'25会议上，参与者可以探索三个现实世界场景——科学发现、法律发现和房地产搜索——或者将PalimpChat应用于他们自己的数据集。在本文中，我们关注PalimpChat如何通过Palimpzest优化器简化复杂的AI工作流程，例如提取和分析生物医学数据。,刘春伟,2025-02-05,2025-02-05,,N/A
2502.03367v1,语义回归：一种高效且可解释、简洁的模型发现方法，适用于科学及其他领域,http://arxiv.org/abs/2502.03367v1,符号回归（SR）是机器学习领域一个新兴的分支，专注于从数据中发现简单且可解释的数学表达式。尽管已经开发出了各种各样的SR方法，但它们通常面临着诸如高计算成本、与输入维度的数量扩展性差、对噪声敏感以及难以平衡准确性和复杂性的挑战。这项工作引入了SyMANTIC，这是一种新颖的SR算法，旨在解决这些挑战。SyMANTIC通过结合基于互信息的特征选择、自适应特征扩展以及递归应用的基于$\ell_0$的稀疏回归，有效地从大量候选者（从$\sim10^5$到$\sim 10^{10}$或更多）中识别出（可能多个）低维描述符。此外，它采用信息论度量来生成一组近似的帕累托最优方程，每个方程在给定复杂度下提供最佳找到的准确性。此外，我们的SyMANTIC开源实现基于PyTorch生态系统，便于安装和GPU加速。我们展示了SyMANTIC在包括合成示例、科学基准、现实世界材料属性预测以及从小数据集识别混沌动力系统等众多问题上的有效性。广泛的比较表明，SyMANTIC以现有SR方法成本的一小部分，揭示了相似或更精确的模型。,马哈瓦·R·穆蒂亚拉,2025-02-05,2025-02-05,,N/A
2502.03364v1,可穿戴式人体活动识别的尺度定律,http://arxiv.org/abs/2502.03364v1,许多深度架构和自监督预训练技术被提出用于从可穿戴多模态传感器中识别人类活动（HAR）。缩放定律有可能通过将模型容量与预训练数据量联系起来，帮助向更原则性的设计迈进。然而，与语言和视觉领域相比，HAR领域尚未建立相应的缩放定律。通过对预训练数据量和Transformer架构进行彻底的网格搜索，我们建立了HAR领域已知的第一套缩放定律。我们表明，预训练损失与数据量和参数数量呈幂律关系，并且增加数据集中用户数量比增加每个用户的数据量更能显著提高性能，这表明预训练数据的多样性很重要，这与之前一些关于自监督HAR的研究结果相矛盾。我们进一步表明，这些缩放定律在三个HAR基准数据集（姿势、运动模式和日常生活活动）上转化为下游性能的提升：UCI HAR、WISDM Phone和WISDM Watch。最后，我们建议应该根据这些缩放定律和更充足的模型容量重新审视一些之前发表的工作。,汤姆·霍德斯,2025-02-05,2025-02-05,,N/A
2502.03363v1,尺度不变系统与黑洞互为对偶的热机,http://arxiv.org/abs/2502.03363v1,根据全息理论，黑洞与一个强耦合量子系统中的热态是相互对应的。全息理论的一个主要例子是反德西特/共形场论（AdS/CFT）对应关系。我们构建了可逆的热机，其中工作物质由一个共形场论（CFT）的静态热平衡状态组成。对于与渐近反德西特黑洞对应的热态，这产生了约翰逊全息热机的一种新颖实现。我们计算了多个理想化热机的效率，如卡诺、布雷顿、奥托、柴油和斯特林循环。大多数热机的效率可以通过CFT的状态方程推导出来，该方程遵循尺度不变性，并且我们将它们与理想气体的效率进行了比较。然而，在高温或大体积条件下，对于一般的CFT，斯特林效率仅由其特征温度和体积唯一确定。我们推导了CFT状态与AdS-施瓦茨希尔德黑洞对应的斯特林效率的精确表达式，并将高温条件下的次级修正与一般CFT中的修正进行了比较。,尼什·利拉尼,2025-02-05,2025-02-05,,N/A
2502.03362v1,相互作用声子系统中的涨落耗散和虚过程,http://arxiv.org/abs/2502.03362v1,声子-声子相互作用对于理解广泛的材料性质至关重要，包括热传输和振动光谱。在传统的微扰方法中，通过使用狄拉克函数来强制执行每个微观声子相互作用过程中的能量守恒。我们证明，这些狄拉克函数源于处理的不完整，违反了控制平衡系统的涨落耗散定理。通过用卷积替换狄拉克函数，并引入声子谱函数的自洽条件，我们提供了一个更准确且物理上一致的框架。对于声子动力学可以近似为马尔可夫过程的系统，我们简化了这种方法，将耗散部分简化为与声子寿命相关的单一参数。将此方法应用于硼砷化物，我们发现自洽的线宽更好地捕捉了声子散射过程，显著提高了与实验热导率的吻合度。这些结果也挑战了传统观点，即四声子过程在BAs中占主导地位，证明了在自洽的前提下，三声子描述的充分性。使用这种方法，我们解决了微扰方法的临界局限性，为耗散和声子介导过程提供了新的见解，并使非谐材料模型更加精确。,阿洛伊斯·卡斯特拉诺,2025-02-05,2025-02-05,,N/A
2502.03359v1,幽灵：高斯假设开集技术,http://arxiv.org/abs/2502.03359v1,对大规模识别方法的评估通常关注整体性能。虽然这种方法很常见，但它往往无法提供关于各个类别性能的见解，这可能导致公平性问题和不准确的表述。解决这些差距对于准确评估方法处理新或未见类别的能力以及确保公平评估至关重要。为了解决开放集识别（OSR）中的公平性问题，我们证明了每个类别的性能可能会有很大差异。我们引入了高斯假设开放集技术（GHOST），这是一种新颖的无超参数算法，它使用具有对角协方差矩阵的按类别多元高斯分布来建模深度特征。我们对logits应用Z分数标准化，以减轻特征幅度偏离模型预期的影响，从而降低网络将高分数分配给未知样本的可能性。我们在多个ImageNet-1K预训练的深度网络上评估了GHOST，并使用四个不同的未知数据集进行了测试。使用标准指标如AUOSCR、AUROC和FPR95，我们实现了统计上显著的性能提升，推动了大规模OSR领域的最新进展。源代码已在线提供。,瑞安·拉宾owitz,2025-02-05,2025-02-05,,N/A
2502.03358v1,明维娜：一种用于语言模型的可编程内存测试基准,http://arxiv.org/abs/2502.03358v1,基于LLM的人工智能助手如何有效地利用它们的记忆（上下文）来完成各种任务？传统的数据基准，通常是由人工制作的，存在一些局限性：它们是静态的，容易过拟合，难以解释，缺乏可操作性的见解——无法明确指出模型在未通过测试时缺乏的具体能力。在这篇论文中，我们提出了一种框架，用于自动生成一套全面的测试，以评估模型有效利用记忆的能力。我们的框架将能力测试的范围扩展到了文献中常见的（密码、键值、大海捞针）搜索之外。具体来说，我们对模型在以下原子任务上的表现进行了评估：搜索、回忆、编辑、在上下文记忆中匹配、比较信息，以及当输入被组织成不同的块时执行基本操作，模拟现实世界的数据。此外，我们还设计了复合测试，以研究模型在操作记忆时保持状态的能力。我们的基准使得对LLM的记忆能力进行可解释、详细的评估成为可能。,夏梦琳,2025-02-05,2025-02-05,,N/A
2502.03356v1,具有生成轨迹模型的逆混合策略博弈,http://arxiv.org/abs/2502.03356v1,博弈论模型是模拟多智能体交互的有效工具，尤其是在机器人需要与人类协调时。然而，应用这些模型需要从观察到的行为中推断其规格——这是一个被称为逆博弈问题的具有挑战性的任务。现有的逆博弈方法往往难以考虑行为不确定性和测量噪声，并且利用离线和在线数据。为了解决这些局限性，我们提出了一种将生成轨迹模型集成到可微混合策略博弈框架中的逆博弈方法。通过使用条件变分自动编码器（CVAE）来表示混合策略，我们的方法可以从噪声测量中推断出高维、多模态的行为分布，同时实时适应新的观察。我们在一个模拟的导航基准测试中广泛评估了我们的方法，其中观察是由一个未知的博弈模型生成的。尽管存在模型不匹配，我们的方法仍然可以推断出与真实模型和逆博弈基线相当的内森最优行动，即使在存在不确定的智能体目标和噪声测量的情况下。,马克·穆钦·孙,2025-02-05,2025-02-05,,N/A
2502.03354v1,二维多分散随机密堆积问题的解析解,http://arxiv.org/abs/2502.03354v1,提供了一个关于多分散硬盘随机密堆积密度$\phi_\textrm{RCP}$的分析理论，该理论基于拥挤的平衡模型[扎孔内，物理评论快报128，028002（2022）]，这一模型最近基于对硬球相图中最大随机堆积（MRJ）线的广泛数值分析得到了验证[安齐维诺等人，化学物理杂志158，044901（2023）]。该解依赖于硬盘流体状态方程的基本方程，并提供了$\phi_\textrm{RCP}$作为盘直径分布标准差与其平均值之比$s$的函数的预测。对于在$s=0.246$处评估的幂律尺寸分布，该理论得出$\phi_\textrm{RCP} =0.892$，这与基于蒙特卡洛交换算法的最新数值估计$\phi_\textrm{RCP} =0.905$[吉米蒂，贝蒂埃，范维兰德，物理评论快报133，028202（2024）]相吻合。,马蒂亚斯·卡西利斯,2025-02-05,2025-02-05,,N/A
2502.03353v1,通过星系团数量统计对超轻轴子暗物质的限制,http://arxiv.org/abs/2502.03353v1,超轻轴子是假想的标量粒子，它们影响着宇宙大尺度结构的演化。根据它们的质量，它们可能构成宇宙暗物质成分的一部分，通常被称为毛茸茸暗物质。虽然对纯毛茸茸暗物质模型已经建立了强约束，但超轻轴子仅构成暗物质一部分的更普遍情景仅限于少数观测探测。在这项工作中，我们利用来自SRG/eROSITA任务首次全天巡天（eRASS1）的星系团数量计数，以及来自暗能量巡天、千度巡天和超超级相机引力弱引力透镜数据，对质量范围为$10^{-32}$ eV到$10^{-24}$ eV的超轻轴子比例进行了约束。我们通过对全宇宙参数进行完全推断，对独立对数轴子质量区间内的超轻轴子遗迹密度设置了上限。我们在中间超轻轴子质量区域找到了一个排除区域，这是迄今为止在质量约为$m_\mathrm{a}=10^{-27}$ eV的区间内$\Omega_\mathrm{a} < 0.0036$和$m_\mathrm{a}=10^{-26}$ eV的区间内$\Omega_\mathrm{a} < 0.0084$所报告的最紧约束，两者均为95%置信水平。当与宇宙微波背景辐射探测相结合时，这些约束在$m_\mathrm{a}=10^{27}$ eV质量区间内被收紧到$\Omega_\mathrm{a} < 0.0030$，在$m_\mathrm{a}=10^{-26}$ eV质量区间内被收紧到$\Omega_\mathrm{a} < 0.0058$，两者均为95%置信水平。这是首次通过测量星系团数量计数来获得对超轻轴子的约束。这些结果为大型巡天铺平了道路，这些巡天可以利用更好的理论模型来获得对超轻轴子质量和遗迹密度的紧约束。,S. Zelmer 这个名字看起来像是一个人名，直接翻译成中文就是“S·泽尔默”。如果需要更地道的中文表达，可以按照中文习惯，将姓氏放在前面，名字放在后面，即“泽尔默·S”。,2025-02-05,2025-02-05,,N/A
2502.03350v1,多个任务持续学习的最佳任务顺序,http://arxiv.org/abs/2502.03350v1,持续学习多个任务仍然是神经网络面临的主要挑战。在这里，我们研究了任务顺序如何影响持续学习，并提出了一种优化策略。利用具有潜在因素的线性教师-学生模型，我们推导出一个分析表达式，将任务相似性和顺序与学习性能联系起来。我们的分析揭示了在广泛参数范围内成立的两个原则：（1）任务应从代表性最弱到最典型进行排列；（2）相邻任务应不同。我们在合成数据和现实世界的图像分类数据集（Fashion-MNIST、CIFAR-10、CIFAR-100）上验证了这些规则，证明了在多层感知器和卷积神经网络中均能实现一致的性能提升。因此，我们的工作为任务增量持续学习中的任务顺序优化提供了一个可推广的框架。,李紫妍,2025-02-05,2025-02-05,,N/A
2502.03347v1,DiversityOne：一个用于日常行为建模的多国智能手机传感器数据集,http://arxiv.org/abs/2502.03347v1,"通过个人设备，如智能手机和智能手表，理解年轻人的日常生活行为对于各种应用至关重要，从提升移动应用的用户体验到在数字健康应用中实施适当的干预。为了实现这一目标，以往的研究依赖于结合被动传感器数据与人类提供的标注或自我报告的数据集。然而，许多现有的数据集在范围上有限，通常只关注全球北方的一些特定国家，涉及参与者数量较少，或者使用有限的预处理传感器。这些限制阻碍了捕捉跨国家人类行为差异的能力，包括研究模型泛化和鲁棒性的可能性。为了填补这一空白，我们引入了DiversityOne数据集，它覆盖了八个国家（中国、丹麦、印度、意大利、墨西哥、蒙古、巴拉圭和英国），并包含了782名大学生四周内的数据。DiversityOne包含了26种智能手机传感器模态的数据和350,000多条自我报告。截至目前，它已成为最大的、最多样化的公开数据集之一，同时拥有广泛的人口统计和心理社会调查数据。DiversityOne为研究普遍计算领域的重要研究问题打开了可能性，特别是在领域适应和跨国家泛化方面，这些研究领域迄今为止由于缺乏合适的数据集而几乎未被充分探索。",马泰奥·布斯索,2025-02-05,2025-02-05,,N/A
2502.03346v1,人机协作运输中的隐性沟通,http://arxiv.org/abs/2502.03346v1,我们专注于人机协作运输，在这种运输中，机器人和用户共同将物体移动到目标位置。在没有明确沟通的情况下，这个问题具有挑战性，因为它要求两个异质代理之间进行紧密的隐式协调，这两个代理具有非常不同的感知、驱动和推理能力。我们的关键洞察是，两个代理可以通过将微妙、具有沟通性的信号编码到影响运输物体状态的行动中，来实现流畅的协调。为此，我们设计了一种推理机制，该机制将两个代理执行的联合行动观察结果以概率映射到一组工作空间遍历的联合策略。基于这一机制，我们定义了一个成本，它代表了人类对展开遍历策略的不确定性，并将其引入到一个平衡不确定性最小化和效率最大化的模型预测控制器中。我们在一个移动机械臂（Hello Robot Stretch）上部署了我们的框架，并在一个受试者内实验（N=24）中对其进行了评估。我们表明，我们的框架能够提高团队的表现，并使机器人被视为一个比缺乏沟通机制的基线显著更流畅和更有能力的合作伙伴。,杨尔文,2025-02-05,2025-02-05,,N/A
2502.03344v1,费尔泽酒吧响应模型：银河模型中的网格计算,http://arxiv.org/abs/2502.03344v1,这项研究通过3D Ferrers棒响应模型，对棒旋星系动力学进行了数值研究。共分析了708个模型，这些模型考虑了轴对称势（核、球状星团、盘、晕）的变化、棒长度、质量、角速度和盘恒星速度弥散。模型评估采用了Spearman相关系数（用于评估输入输出关系）和随机森林回归器中的排列特征重要性（用于衡量输入变量的影响）。测试粒子的轨道配置揭示了棒动力学在塑造星系形态和动力学特性中的关键作用。主要发现强调了棒势如何影响主要的轨道家族，影响棒旋星系长期结构。这些结果为理解星系成分相互作用提供了更深入的见解，并为理解棒特性提供了一个稳健的框架。,A. 西尔瓦-卡斯特罗,2025-02-05,2025-02-05,,N/A
2502.03342v1,足球队伍组建与球员角色统计分析,http://arxiv.org/abs/2502.03342v1,足球比赛中跟踪数据的可用性为分析球队阵型和球员角色提供了独特的机遇，但有效地利用这些数据仍然具有挑战性。这种困难源于球员位置之间的显著重叠，这增加了识别不同角色和球队阵型的复杂性。在这项工作中，我们提出了一种新颖的模型，该模型结合了一个隐藏的排列矩阵，以同时估计球队阵型和在帧级别为球员分配角色。为了解决排列集的基数问题，我们开发了一种统计程序，在参数估计之前选择相关的矩阵。此外，为了捕捉比赛中的阵型变化，我们引入了一个潜在状态变量，使模型能够模拟动态战术调整。这个框架将球员位置与特定角色的位置分离，为团队结构提供了清晰的表示。我们使用球员跟踪数据展示了我们方法的应用性，展示了其在详细球队和球员分析方面的潜力。,阿里·鲍安,2025-02-05,2025-02-05,,N/A
2502.03341v1,概率图模型中的自适应变分推理：超越贝特、树重加权以及凸自由能,http://arxiv.org/abs/2502.03341v1,概率图模型中的变分推断旨在逼近基本量，如边缘分布和配分函数。流行的方法包括贝特近似、树重加权以及其他类型的凸自由能。这些近似方法效率高，但如果模型复杂且高度交互，则可能失败。在这项工作中，我们分析了包括上述方法在内的两类近似，第一类是当模型参数改变时；第二类是当熵近似改变时。我们讨论了这两种方法的优缺点，并从这一分析中推断出自由能近似理想上应该如何构建。基于我们的观察，我们提出了能够自动适应给定模型的近似方法，并展示了它们在一系列难题上的有效性。,哈拉尔德·莱森贝格,2025-02-05,2025-02-05,,N/A
2502.03340v1,基于交互感知的高斯权重聚类联邦学习,http://arxiv.org/abs/2502.03340v1,联邦学习（FL）作为一种去中心化的模型训练范式，在保护隐私的同时应运而生。然而，传统的联邦学习在处理数据异质性和类别不平衡问题时存在困难，这会降低模型性能。聚类联邦学习通过将具有相似数据分布的客户分组，在平衡个性化与去中心化训练之间找到了平衡，从而在遵守隐私约束的同时提高了准确性，并有效缓解了联邦学习中异质性的负面影响。在本研究中，我们提出了一种新的聚类联邦学习方法——FedGWC（联邦高斯加权聚类），该方法根据客户的数据分布进行分组，允许在识别出的簇上训练出更稳健和个性化的模型。FedGWC通过将单个经验损失转换为与高斯奖励机制相关的客户交互，来识别同质簇。此外，我们还引入了Wasserstein调整分数，这是一种新的联邦学习聚类度量标准，用于评估簇的凝聚力与个体类别分布之间的关系。我们的实验表明，在基准数据集上，FedGWC在簇质量和分类准确性方面优于现有的联邦学习算法，验证了我们的方法的有效性。,亚历山德罗·利奇亚迪,2025-02-05,2025-02-05,,N/A
2502.03338v1,最优PMU配置用于DAE电力系统模型的卡尔曼滤波,http://arxiv.org/abs/2502.03338v1,最优传感器布置对于降低成本和确保电力系统中状态估计的准确性至关重要。本文介绍了一种针对由微分代数方程建模的电力系统动态状态估计的最优传感器布置的新方法。该方法通过最小化卡尔曼滤波器的稳态协方差矩阵来识别最优传感器位置，从而最小化联合微分和代数状态估计的误差。问题被重新表述为一个混合整数半定规划问题，并使用现成的数值求解器有效地解决了该问题。数值结果表明，通过与贪婪算法的性能比较，所提出的方法具有优势。,米洛斯·卡塔尼奇,2025-02-05,2025-02-05,,N/A
2502.03334v1,一个无$k$反转的大动量传递原子干涉仪,http://arxiv.org/abs/2502.03334v1,我们提出了一种不涉及$k$-反转的大动量转移原子干涉仪。更具体地说，我们使用微波$\pi$/2脉冲来操控$^{87}$Rb原子的自旋状态，在应用拉曼光$\pi$脉冲以实现每个拉曼光脉冲4$\hbar k$动量转移之前。干涉仪序列中间的微波$\pi$脉冲反转自旋状态，这使得可以通过相同的拉曼光$\pi$脉冲关闭干涉仪臂，而不需要$k$-反转。我们讨论了这种大动量转移技术的可扩展性。我们的结果将使用大动量转移原子光学的范围扩展到了原子干涉仪，在这些干涉仪中，没有$k$-反转光学可用。,关晨鹏,2025-02-05,2025-02-05,,N/A
2502.03333v1,RadVLM：一种用于放射学的多任务对话视觉-语言模型,http://arxiv.org/abs/2502.03333v1,胸部X光片（CXRs）的广泛应用，加上放射科医生的短缺，推动了自动CXR分析和AI辅助报告的兴趣增长。虽然现有的视觉-语言模型（VLMs）在报告生成或异常检测等特定任务上显示出潜力，但它们通常缺乏交互式诊断功能的支持。在这项工作中，我们提出了RadVLM，这是一个紧凑的多任务对话基础模型，专为CXR解读设计。为此，我们精心制作了一个包含超过100万张图像-指令对的大规模指令数据集，这些图像-指令对包括单轮任务——如报告生成、异常分类和视觉定位——以及多轮、多任务的对话交互。在将RadVLM在指令数据集上微调后，我们在不同的任务上对其进行了评估，并与重新实现的基线VLMs进行了比较。我们的结果表明，RadVLM在对话能力和视觉定位方面达到了最先进的性能，同时在其他放射学任务中保持竞争力。消融研究进一步突出了跨多个任务联合训练的好处，尤其是在标注数据有限的情况下。总之，这些发现突出了RadVLM作为临床相关AI助手的潜力，它能够提供结构化的CXR解读和对话能力，以支持更有效和易于访问的诊断工作流程。,尼古拉·德佩罗伊斯,2025-02-05,2025-02-05,,N/A
2502.03332v1,基于混合的引导扩散模型框架,http://arxiv.org/abs/2502.03332v1,去噪扩散模型在贝叶斯逆问题领域推动了显著的进步。最近的方法利用预训练的扩散模型作为先验来解决各种此类问题，仅利用推理时的计算资源，从而消除了在相同数据集上重新训练特定任务模型的必要性。为了近似贝叶斯逆问题的后验分布，扩散模型从一系列中间后验分布中进行采样，每个分布都有一个难以处理的似然函数。这项工作提出了一种新颖的中间分布混合近似方法。由于直接基于梯度的混合采样因难以处理的项而不切实际，我们提出了一种基于吉布斯采样的实用方法。我们通过在图像逆问题上的广泛实验验证了我们的方法，利用了像素和潜在空间扩散先验，以及在音频扩散模型上的源分离。代码可在https://www.github.com/badr-moufad/mgdm上找到。,雅齐德·贾纳蒂,2025-02-05,2025-02-05,,N/A
2502.03330v1,可控的图形用户界面探索,http://arxiv.org/abs/2502.03330v1,在界面设计的早期阶段，设计师需要制作多个草图来探索设计空间。设计工具往往无法支持这一关键阶段，因为它们坚持要求提供比必要更多的细节。尽管近年来生成式人工智能的进步激起了解决这一问题的希望，但在实践中它们却失败了，因为通过提示表达松散的想法是不切实际的。在这篇论文中，我们提出了一种基于扩散的低成本生成界面草图的方法。它通过允许通过三种类型的输入灵活控制生成过程而开辟了新的领域：A）提示，B）线框图，和C）视觉流程。设计师可以在任何细节级别提供这些输入的任何组合，并将获得一个多样化的低保真度解决方案画廊。独特的优势是，可以以非常少的输入规格努力快速探索广阔的设计空间。我们展示了各种输入规格组合的定性结果。此外，我们还证明，我们的模型比其他模型更准确地与这些规格相一致。,Aryan Garg 可以翻译为“阿耶兰·加格”。这个名字是印度式的，通常由两部分组成：名字和姓氏。在翻译人名时，我们通常保留原名，除非有特定的文化或语境要求。所以，这里的翻译是按照音译来进行的。,2025-02-05,2025-02-05,,N/A
2502.03327v1,情境通用性是否足够？多层感知机（MLPs）在情境中也是通用的。,http://arxiv.org/abs/2502.03327v1,Transformer的成功通常与其在上下文中的学习能力相关联。最近的研究表明，Transformer在上下文中具有普遍性，能够近似任何上下文（即$\mathcal{X}\subseteq \mathbb{R}^d$上的概率测度）和查询$x\in \mathcal{X}$的任何实值连续函数。这引发了一个问题：上下文普遍性是否解释了它们相对于经典模型的优越性？我们通过证明具有可训练激活函数的MLP（多层感知器）也在上下文中具有普遍性来对这个问题的回答是否定的。这表明，Transformer的成功可能归因于其他因素，如归纳偏置或训练稳定性。,阿纳斯塔西奥斯·克拉齐奥斯,2025-02-05,2025-02-05,,N/A
2502.03325v1,ECM：一种统一的电子电路模型，用于解释大型语言模型中情境学习和思维链的出现,http://arxiv.org/abs/2502.03325v1,大型语言模型（LLMs）的近期进步在各种应用中取得了显著成功，其中最引人注目的是一系列新兴能力，特别是在情境学习（ICL）和思维链（CoT）领域。为了更好地理解和控制模型性能，许多研究开始调查这些现象的潜在原因及其对任务结果的影响。然而，现有的解释框架主要侧重于独立隔离和解释ICL和CoT，导致对它们共同影响模型性能的理解不完整。为了填补这一空白，我们提出了电子电路模型（ECM），它为开发可扩展、可学习的策略和改善AI生成内容的管理提供了基础。具体来说，ECM将模型行为概念化为电子电路：ICL被表示为语义磁场，根据法拉第定律提供额外的电压，而CoT被建模为串联电阻，根据欧姆定律约束模型输出性能。实验结果表明，ECM有效地预测和解释了LLMs在各种提示策略下的性能。此外，我们将ECM应用于一系列任务的高级推理策略优化，如国际信息学奥林匹克（IOI）和国际数学奥林匹克（IMO），实现了超越近80%顶级人类竞争者的竞争性表现。,陈其光,2025-02-05,2025-02-05,,N/A
2502.03323v1,使用合成数据生成进行分布外检测,http://arxiv.org/abs/2502.03323v1,区分分布内和分布外（OOD）输入对于可靠部署分类系统至关重要。然而，分布外数据通常难以获取或收集，这对准确检测分布外数据构成了重大挑战。在这项工作中，我们提出了一种方法，该方法利用大型语言模型（LLMs）的生成能力来创建高质量的合成分布外代理，从而消除了对外部分布外数据源的依赖。我们研究了我们的方法在经典文本分类任务（如毒性检测和情感分类）以及LLM开发和部署中出现的分类任务（如训练RLHF的奖励模型和检测不匹配的生成）中的有效性。在九对InD-OOD数据集和不同模型规模上的大量实验表明，我们的方法显著降低了误报率（在某些情况下达到零），同时在分布内任务上保持了高精度，显著优于基线方法。,莫明·阿巴斯,2025-02-05,2025-02-05,,N/A
2502.03322v1,一个用于生成人类心房电生理学校准体积模型的端到端高效计算框架,http://arxiv.org/abs/2502.03322v1,心房电生理（EP）的计算模型在开发高级映射系统、个性化临床治疗方案以及生成虚拟群体和数字孪生等方面得到越来越广泛的应用。这些模型有潜力在模拟的虚拟行为和观察到的真实人类心房EP之间建立稳健的因果关系，从而更安全、经济、全面地探索心房动力学。然而，目前最先进的方法在精确度和可扩展性方面仍不足以满足监管级应用的需求，尤其是在创建高质量的虚拟群体或患者特定的数字孪生方面。挑战包括生成解剖结构准确的心房模型、将模型校准到稀疏且不确定的临床数据，以及在简化的工作流程中保持计算效率。本研究通过引入集成到自动化端到端工作流程中的新颖方法来解决这些限制，以生成高保真度的心房EP数字孪生快照和虚拟群体。这些创新包括：（i）自动多尺度生成具有详细解剖结构和纤维结构的容积双心房模型；（ii）定义空间变化的心房参数场的一种稳健方法；（iii）模拟心房间传导途径的参数化方法；（iv）用于高保真心电图计算的效率高的前向EP模型。我们在50例心房颤动患者群体上评估了该工作流程，生成了适合反应-欧几里得和反应-扩散模型的高质量网格，并证明了在参数控制条件下模拟心房ECG的能力。这些进步是朝着可扩展、精确且临床适用的数字孪生模型和虚拟群体迈出的关键一步，能够提高患者特异性预测和治疗规划。,"Elena Zappon

（请注意，Elena Zappon 是一个个人名字，通常不需要翻译，除非在特定的文化或语境中这个名字有特定的含义或翻译。）",2025-02-05,2025-02-05,,N/A
2502.03321v1,使用ChatGPT和基本搜索技巧简化形式化证明生成模型,http://arxiv.org/abs/2502.03321v1,形式化证明生成的挑战有着悠久的历史，但随着现代技术的进步，我们可能终于到了在现实生活中的数学问题中取得实际进展的阶段。本文探讨了将ChatGPT和基本搜索技术相结合，以简化形式化证明的生成，特别关注miniF2F数据集。我们展示了如何将大型语言模型ChatGPT与形式语言Lean相结合，Lean具有可验证性的额外优势，从而提高了形式化证明生成的效率和可及性。尽管我们的模型简单，但表现最佳基于Lean的模型以31.15%的通过率超越了所有已知基准。我们将实验扩展到其他数据集，并采用替代语言模型，展示了我们的模型在不同环境下的可比性能，并允许对结果进行更细致的分析。我们的发现为AI辅助形式化证明生成提供了见解，为形式数学证明的未来研究指出了一个有希望的方向。,韩尚军,2025-02-05,2025-02-05,,N/A
2502.03319v1,极性流体中铁电向列块的自发扭曲,http://arxiv.org/abs/2502.03319v1,在软物质中，分子的极性取向序可以促进结构手征性和铁电性的共存。具有大偶极矩的无手征层状分子的铁电向列相（NF相）是自发结构手征性出现的理想模型。这种手征基态源于由于去极化效应引起的左旋或右旋的极化扭曲。相比之下，铁电液晶相，其特征是具有较低对称性的极性层状结构，与层扭曲变形和畴壁的形成相关联的能量显著更高，因此避免了连续扭曲的层状结构。在本研究中，我们开发了两种无手征分子（BOE-NO2和DIOLT），它们具有不同的分子结构，但表现出NF-铁电液晶相序。我们证明，NF相的手征基态在BOE-NO2的铁电液晶相中得以继承，该相具有更大的偶极矩和立体阻碍基团，从而触发了扭曲极性液晶块的生成。,西川博哉,2025-02-05,2025-02-05,,N/A
2502.03315v1,HMC（哈密顿蒙特卡洛）与机器学习得到的经典完美不动点动作的梯度流,http://arxiv.org/abs/2502.03315v1,定点（FP）晶格作用在经典上是完美的，即它们具有不受离散化效应影响的连续经典属性，并且预期在弱耦合下抑制晶格伪效应。因此，它们提供了一种使用较粗晶格提取连续物理的可能方法，允许绕过临界减慢和拓扑冻结到连续极限的问题。我们使用机器学习方法，利用晶格规范协变卷积神经网络对四维SU(3)规范理论中的FP作用进行参数化。大的算子空间使我们能够找到比先前研究更优越的参数化，并展示了如何使用混合蒙特卡洛算法高效地模拟此类作用。此外，我们认为FP晶格作用可以用来定义一个没有树级晶格伪效应的经典完美梯度流。我们展示了FP作用与梯度流缩放的相关初始结果。,凯兰·霍兰德,2025-02-05,2025-02-05,,N/A
2502.03313v1,近最优超图谱稀疏化线性草图和全动态算法,http://arxiv.org/abs/2502.03313v1,超图谱稀疏化器是超图$G$的一个加权子图$H$，它以指定的精度逼近$G$的拉普拉斯矩阵。最近的研究表明，与普通图类似，存在$\widetilde{O}(n)$大小的超图谱稀疏化器。然而，计算这样的稀疏化器任务变得非常复杂，所有已知的算法都依赖于平衡权重分配的概念，其计算本质上依赖于对底层超图的重复、完整访问。我们引入了一个显著更简单的超图谱稀疏化框架，该框架绕过了计算此类权重分配的需要，本质上将超图稀疏化简化为在普通图中的重复有效电阻采样，这些采样是通过原始超图的$\textit{无记忆顶点采样}$获得的。我们的框架立即产生了一个简单的新算法，该算法在几乎线性时间内实现了几乎线性大小的谱超图稀疏化。此外，作为我们框架的直接结果，我们在几个其他计算模型中获得了第一个几乎最优算法，即线性草图、全动态和在线设置。,卡纳·桑杰夫,2025-02-05,2025-02-05,,N/A
2502.03312v1,一种通过自动机理论对Stolarsky交错排列的“实验数学”方法,http://arxiv.org/abs/2502.03312v1,我们再次审视Stolarsky交错（例如Wythoff数组），这次使用来自自动机理论的工具。这些工具使得验证这些数组上已发表的许多结果变得容易，同时也为新的结果提供了证明。,杰弗里·沙利特,2025-02-05,2025-02-05,,N/A
2502.03307v1,基于大型语言模型的意图表示学习用于推荐,http://arxiv.org/abs/2502.03307v1,基于意图的推荐系统因其在挖掘潜在细粒度偏好方面的显著作用而备受关注。意图作为交互的潜在因素，对于提高推荐的可解释性至关重要。大多数方法将意图定义为与交互一起更新的可学习参数。然而，现有的框架往往忽略了文本信息（例如用户评论、项目描述），而这些信息对于缓解交互意图的稀疏性至关重要。探索这些多模态意图，尤其是表示空间中的固有差异，提出了两个关键挑战：一是如何对齐多模态意图并有效减轻噪声问题；二是如何跨模态提取和匹配潜在的关键意图。为了应对这些挑战，我们提出了一种模型无关的框架，即“基于大型语言模型的意图表示学习”（IRLLRec），该框架利用大型语言模型（LLMs）来构建多模态意图并提升推荐效果。具体来说，IRLLRec采用双塔架构来学习多模态意图表示。接下来，我们提出了成对和翻译对齐方法，以消除模态间的差异并增强对噪声输入特征的鲁棒性。最后，为了更好地匹配基于文本和基于交互的意图，我们采用动量蒸馏在融合的意图表示上进行教师-学生学习。在三个数据集上的实证评估表明，我们的IRLLRec框架优于基线。该实现可在https://github.com/wangyu0627/IRLLRec上找到。,王宇,2025-02-05,2025-02-05,,N/A
2502.03304v1,和谐中的差异：迈向快速、准确且内存高效的零阶LLM微调,http://arxiv.org/abs/2502.03304v1,大型语言模型（LLMs）在各种任务上表现出色，但标准的零阶（FO）微调需要大量的内存，这极大地限制了其在现实世界中的应用。最近，零阶（ZO）优化因其内存高效的训练范式而备受瞩目，它避免了反向传播，仅依靠前向传播进行梯度估计，这使得它在资源受限的场景中极具吸引力。然而，ZO方法在收敛速度和精度方面都远远落后于FO方法。为了弥合这一差距，我们引入了一种新颖的层间发散分析，揭示了FO和ZO优化的不同更新模式。为了从研究结果中模仿FO方法的学习能力，我们提出了**发散驱动零阶优化（DiZO**）。DiZO通过将投影纳入ZO更新，进行发散驱动的层适应，生成不同幅度、精确匹配层间个体优化需求的更新。我们的结果表明，DiZO显著减少了收敛所需的迭代次数，而没有牺牲吞吐量，在各种数据集上将训练GPU小时数减少了高达48%。此外，DiZO在微调RoBERTa-large、OPT系列和Llama系列等下游任务上，始终优于代表性的ZO基线，在某些情况下甚至超过了内存密集型的FO微调。,齐涛·谭,2025-02-05,2025-02-05,,N/A
2502.03303v1,具有光滑符号的Toeplitz算子的超周期性,http://arxiv.org/abs/2502.03303v1,本文致力于研究单位圆盘上的Hardy空间$H^p$（$p>1$）中，具有光滑符号$F$的Toeplitz算子$T_F$的动力学。基于雅库布维奇在20世纪90年代为$H^2$上的Toeplitz算子发展起来的模型理论，我们对这类算子的超循环性质进行了深入研究。在符号的某些相当一般的平滑性假设下，我们为$T_F$在$H^p$上成为超循环提供了必要/充分/必要且充分的条件。特别是，我们扩展了关于该主题的巴兰诺夫-利沙诺斯基和亚巴库莫夫-巴兰诺夫-夏彭蒂埃-利沙诺斯基的先前结果。我们还研究了这类算子的其他动力学性质。,这个问题看起来像是在询问一个名字的翻译或者解释。Emmanuel Fricain 是一个法语名字，直译成中文可以是“艾曼纽·弗里卡恩”。如果这个名字是某个人的全名，那么在中文语境中，通常会按照拼音来保留其发音，即“艾曼纽·弗里卡恩”。如果需要进一步的信息或者上下文，请提供更多细节。,2025-02-05,2025-02-05,,N/A
2502.03302v1,使用局部凸多尺度能量（LC-MUSE）模型确保的MAP图像恢复,http://arxiv.org/abs/2502.03302v1,我们提出了一种多尺度深度能量模型，该模型在数据流形附近的局部邻域内具有强凸性，用于表示其概率密度，并在逆问题中应用。具体来说，我们将负对数先验表示为由卷积神经网络（CNN）参数化的多尺度能量模型。我们限制CNN的梯度在局部上是单调的，这使模型成为局部凸多尺度能量（LC-MuSE）。我们使用学习到的能量模型在基于图像的逆问题中，该公式的提出具有以下几个理想的特性：i）解的唯一性，ii）保证收敛到逆问题的最小值，以及iii）对输入扰动的鲁棒性。在并行磁共振（MR）图像重建的背景下，我们表明所提出的方法在性能上优于最先进的凸正则化器，而其性能与即插即用正则化器和端到端训练方法相当。,"Jyothi Rikhab Chand

（这个名字看起来像是一个人的名字，直接翻译成中文就是：乔西·里卡布·钱德。）如果需要更详细的解释或者翻译成其他形式，请提供更多信息。",2025-02-05,2025-02-05,,N/A
2502.03300v1,ScNeuGM：基于着色冲突和干扰管理的Wi-Fi 7的可扩展神经图建模,http://arxiv.org/abs/2502.03300v1,在Wi-Fi中，采用载波侦听多址接入和碰撞避免技术常常导致竞争和干扰，从而增加数据包丢失。这些挑战传统上被建模为图，其中站点（STAs）被表示为顶点，竞争或干扰被表示为边。图着色为STAs分配正交的传输槽位，管理竞争和干扰，例如使用Wi-Fi 7标准中引入的受限目标唤醒时间（RTWT）机制。然而，传统的图模型在优化这些分配方面缺乏灵活性，往往无法在保持可靠传输的同时最小化槽位使用。为了解决这个问题，我们提出了ScNeuGM，这是一个神经图建模（NGM）框架，它可以灵活地训练一个神经网络（NN），构建出最优的图模型，其着色对应于最优的槽位分配。ScNeuGM在大规模Wi-Fi网络和大量STAs对中具有高度可扩展性：1）它利用进化策略（ES）直接优化NN参数，基于一个网络级的奖励信号，避免了在所有STAs对中进行耗时的边级反馈估计；2）ScNeuGM还利用深度哈希函数（DHF）将竞争或干扰的STAs对分组，并将NGM NN的训练和推理限制在这些组内，显著降低了复杂性。仿真结果表明，ScNeuGM中经过ES训练的NN返回接近最优图的概率比需要边级反馈的算法高4-10倍，并且比传统的图构建减少了25%的槽位。此外，ScNeuGM中的DHF将NGM的训练和推理时间分别减少了4倍和8倍，在大网络中的在线槽位分配时间减少了3倍，在动态场景中由于及时分配，数据包丢失减少了高达30%。,周游国,2025-02-05,2025-02-05,,N/A
2502.03299v1,溅射铌薄膜的关键温度、相对电阻率（RRR）、应力和表面质量的相互控制,http://arxiv.org/abs/2502.03299v1,超导单量子逻辑集成电路传统上利用磁控溅射铌薄膜作为氧化硅衬底。这种溅射过程依赖于多个工艺参数，这些参数会显著影响铌薄膜的机械、电学和低温性能。在这项工作中，我们重点研究了200纳米铌薄膜特性与其内在应力之间的综合关系。研究表明，在固定的溅射功率下，存在一个临界工作压力pcritical，在此压力之上，薄膜中的应力会松弛，而薄膜性能会显著下降。在pcritical以下，可以控制内在应力在-400 MPa到+600 MPa的较宽范围内，同时保持完美的薄膜表面，粗糙度（Rq）为0.8纳米，电阻率低于20 uOhm*cm，临界超导转变温度高于8.9 K，剩余电阻率比超过6.4。我们提出了一种改进的动力学模型来预测铌薄膜的应力，将高能参数与工作压力的线性依赖关系替换为指数关系，从而将近似误差从20%降低到8%。,E. V. Zikiy 这个名字看起来像是一个人名，它直接翻译成中文就是“E. V. 芝基”。如果需要更正式的翻译，可以按照英文姓名的读法来翻译，例如：“E·V·芝基”。,2025-02-05,2025-02-05,,N/A
2502.03298v1,MeDiSumQA：从出院信中生成面向患者的问答系统,http://arxiv.org/abs/2502.03298v1,虽然提高患者获取医疗文件的能力可以改善医疗服务，但这种好处受到不同健康素养水平和复杂医学术语的限制。大型语言模型（LLMs）通过简化医疗信息提供了解决方案。然而，由于缺乏标准化的评估资源，评估LLMs在安全且患者友好的文本生成方面的性能是困难的。为了填补这一空白，我们开发了MeDiSumQA。MeDiSumQA是一个数据集，通过结合基于LLM的问答生成和人工质量检查的自动化流程，从MIMIC-IV出院总结中创建而来。我们使用这个数据集来评估各种LLMs在面向患者的问题回答方面的表现。我们的发现显示，通用LLMs往往超越生物医学适应模型，而自动化指标与人类判断相关。通过在PhysioNet上发布MeDiSumQA，我们旨在推进LLMs的发展，以增强患者理解，并最终改善护理结果。,阿敏·达达,2025-02-05,2025-02-05,,N/A
2502.03297v1,IRIS：沉浸式机器人交互系统,http://arxiv.org/abs/2502.03297v1,本文介绍了IRIS，一个利用扩展现实（XR）技术的沉浸式机器人交互系统，旨在跨多个模拟器、基准测试和现实世界场景进行机器人数据收集和交互。虽然现有的基于XR的数据收集系统为大规模数据收集提供了高效直观的解决方案，但它们往往难以复制和重用。这种限制源于当前系统高度定制化，针对特定的模拟器用例和环境。IRIS是一个新颖、易于扩展的框架，已经支持多个模拟器、基准测试，甚至头戴式设备。此外，IRIS能够包含来自现实世界传感器的额外信息，例如通过深度相机捕获的点云。统一的场景规范直接从模拟器或现实世界传感器生成，并传输到XR头戴式设备，从而在XR中创建相同的场景。该规范允许IRIS支持模拟器提供的任何对象、资产和机器人。此外，IRIS引入了共享空间锚点和稳健的通信协议，将多个XR头戴式设备之间的模拟连接起来。这一功能使得多个XR头戴式设备能够共享同步的场景，促进协作和多用户数据收集。IRIS可以部署在任何支持Unity框架的设备上，包括绝大多数商业可用的头戴式设备。在本研究中，IRIS被部署并在Meta Quest 3和HoloLens 2上进行了测试。IRIS展示了其在广泛现实世界和模拟场景中的多功能性，使用了当前流行的机器人模拟器，如MuJoCo、IsaacSim、CoppeliaSim和Genesis。此外，一项用户研究评估了IRIS在LIBERO基准测试数据收集任务上的表现。研究表明，IRIS在客观和主观指标上都显著优于基线。,辛凯江,2025-02-05,2025-02-05,,N/A
2502.03296v1,量子输运性质对拓扑节点线半金属双层硼磷烯的结构依赖性,http://arxiv.org/abs/2502.03296v1,这项工作展示了双层硼烯纳米带的电子和传输特性。在第一部分，通过拟合从头算能带结构，推导出了一个四轨道紧束缚模型。随后，分析了扶手椅型和之字形双层硼烯纳米带的传输特性，既考虑了周期性边界条件，也考虑了没有周期性边界条件的情况。在这两种情况下，节点线都导致导电性随宽度增加而增加，并在窄纳米带中表现出振荡。此外，电流和电荷密度图显示，边缘态在窄纳米带中具有更明显的影响。最后，引入单轴拉伸应变作为工程化可传输通道数量的工具。,C. J. Páez-González 可以翻译为“C. J. 帕埃斯-冈萨雷斯”。,2025-02-05,2025-02-05,,N/A
2502.03295v1,研究在LHC和FCC中独家产生的托波尼乌姆,http://arxiv.org/abs/2502.03295v1,对在大型强子对撞机（LHC）和未来圆形对撞机（FCC）的质心能量下，$pp$、$pPb$和$PbPb$碰撞中独家产生的托普尼翁进行了探索性研究。假设托普尼翁是一个伪标量$t\bar{t}$束缚态，我们考虑了其通过光子和胶子诱导相互作用产生的结果。展示了总截面和相关快度的分布结果，并讨论了在独家过程中托普尼翁的可观测性。,"Reinaldo Francener

（这个名字是西班牙语或葡萄牙语的名字，翻译成中文时通常保留原名，不进行音译或意译。）",2025-02-05,2025-02-05,,N/A
2502.03292v1,ALPET：低资源维基百科语言中用于引用价值检测的主动少样本学习,http://arxiv.org/abs/2502.03292v1,引用价值检测（CWD）包括确定一篇文章或集合中哪些句子需要通过引用来验证其提供的信息。本研究引入了ALPET框架，该框架结合了主动学习（AL）和模式利用训练（PET），以增强对数据资源有限的语言的CWD。应用于加泰罗尼亚语、巴斯克语和阿尔巴尼亚语维基百科数据集，ALPET在减少某些情况下超过80%的标注数据量的同时，优于现有的CCW基线。ALPET的性能在300个标注样本后趋于平稳，显示出它在大型、标注数据集不常见的情况下适用。虽然像使用K-Means聚类等特定的主动学习查询策略可以提供优势，但它们的有效性并非普遍适用，并且通常只能带来微小的改进，尤其是在小型数据集中。这表明，尽管随机采样简单，但在资源受限的环境中，它仍然是CWD的一个强大基线。总的来说，ALPET能够在较少的标注样本下实现高性能，使其成为增强低资源语言环境中在线内容可验证性的有希望的工具。,"Aida Halitaj

（请注意，这只是一个名字的翻译，没有上下文的情况下，这个名字保持原样。）",2025-02-05,2025-02-05,,N/A
2502.03290v1,无构象扩散的超灵敏度：细菌鞭毛马达非平衡协同作用的机械起源,http://arxiv.org/abs/2502.03290v1,鞭毛马达使细菌能够通过对外部信号的高灵敏度切换旋转方向来导航其环境。先前的研究表明，鞭毛马达的超灵敏度源于构象扩散，其中切换复合物的亚基与其邻近亚基强烈耦合，类似于平衡伊辛模型。然而，单马达的动力学测量表明，旋转切换是被驱离平衡的，而这种耗散驱动的机制尚不清楚。在这里，基于最近的冷冻电镜结构，我们提出马达亚基上的局部机械扭矩可以影响它们的构象动力学。这导致了与定子相关亚基之间的拉锯战，从而产生了无需邻近相互作用的合作、非平衡切换响应。由于亚基在有效距离上耦合，我们称这种机制为“全局机械耦合”。我们的模型做出了一个定性上的新预测，即马达响应的合作性随着驱动旋转的定子数量的增加而增长。重新分析在不同负载条件下发表的马达剂量-反应曲线，我们发现对此预测的实验证据。最后，我们表明，偏离平衡运行使马达能够与平衡马达相比实现更高的合作性，并具有更快的响应。我们的结果表明，力学在敏感的化学调节中起着一般作用。,亨利·H·马廷利,2025-02-05,2025-02-05,,N/A
2502.03287v1,STEM：用于脉冲神经网络的空间-时间映射工具,http://arxiv.org/abs/2502.03287v1,突触神经网络（SNNs）是具有潜力的生物启发式第三代神经网络。最近的研究已经训练出深度SNN模型，其准确度与人工神经网络（ANNs）相当。尽管SNNs的事件驱动和稀疏特性显示出比ANNs更节能的计算潜力，但SNN神经元具有随时间演变的内部状态。跟踪SNN状态可能会显著增加数据传输和存储需求，从而可能丧失与ANNs相比的优势。本文研究了具有神经元状态时的能量影响，以及它如何受所选映射到具有高级内存层次结构的现实硬件架构的影响。因此，我们开发了STEMS，这是一个用于SNNs的映射设计空间探索工具。STEMS模拟SNN的状态行为，并探索层内和层间映射优化以最小化数据传输，同时考虑空间和时间上的SNN维度。使用STEMS，我们在两个基于事件的视觉SNN基准测试中展示了数据传输量最多减少12倍，能量消耗最多减少5倍（在层内优化基础上）。最后，并非所有SNN层都需要神经元状态。通过优化我们基准测试中的一个神经元状态，我们展示了神经元状态减少20倍，性能提高1.4倍，且没有损失准确度。,谢里夫·艾萨,2025-02-05,2025-02-05,,N/A
2502.03286v1,模拟条件预测在自动驾驶中的应用,http://arxiv.org/abs/2502.03286v1,模块化自动驾驶系统通常将预测和规划视为连续的、独立的任务，从而阻碍了协同动作。为了实现协同规划，这项工作引入了一个预测模型，该模型模拟了轨迹之间的条件依赖关系。为此，预测是通过微观交通模拟生成的，单个交通参与者由通过对抗性逆强化学习训练的逼真行为模型控制。通过假设自动驾驶车辆的多种候选轨迹，我们为每个候选轨迹生成条件预测。此外，我们的方法还允许候选轨迹在预测过程中动态调整。一些示例场景可在https://conditionalpredictionbysimulation.github.io/找到。,法比安·康斯坦蒂尼迪斯,2025-02-05,2025-02-05,,N/A
2502.03283v1,SymAgent：一个用于在知识图谱上执行复杂推理的神经符号自学习代理框架,http://arxiv.org/abs/2502.03283v1,最近的研究进展表明，大型语言模型（LLMs）在解决复杂推理问题时容易产生幻觉，导致错误的结果。为了解决这个问题，研究人员将知识图谱（KGs）融入其中，以提升LLMs的推理能力。然而，现有方法存在两个局限：1）它们通常假设所有问题的答案都包含在KGs中，忽略了KGs的不完整性问题；2）它们将KG视为静态的存储库，忽视了KG中固有的隐含逻辑推理结构。在本文中，我们介绍了SymAgent，这是一种创新的神经符号智能体框架，实现了KGs和LLMs之间的协同增强。我们将KGs概念化为动态环境，并将复杂的推理任务转化为多步骤的交互过程，使KGs能够深度参与推理过程。SymAgent由两个模块组成：智能体规划器和智能体执行器。智能体规划器利用LLM的归纳推理能力从KGs中提取符号规则，指导高效的问答分解。智能体执行器自主调用预定义的动作工具，整合KGs和外部文档的信息，解决KGs不完整的问题。此外，我们设计了一个包含在线探索和离线迭代策略更新的自学习框架，使智能体能够自动合成推理轨迹并提高性能。实验结果表明，即使使用弱LLM骨干（即7B系列）的SymAgent，其性能也优于或与各种强基线相当。进一步分析显示，我们的智能体能够识别缺失的三元组，从而促进KG的自动更新。,刘本,2025-02-05,2025-02-05,,N/A
2502.03281v1,基于广义戈卢布-卡汉方法的规模化分层贝叶斯逆问题的高效采样方法,http://arxiv.org/abs/2502.03281v1,大规模逆问题的不确定性量化仍然是一项具有挑战性的任务。对于具有加性高斯噪声和高斯先验的线性逆问题，后验分布是高斯分布，但采样可能具有挑战性，尤其是在未知参数数量非常庞大的问题（例如动态逆问题）以及计算先验协方差矩阵的平方根和逆不可行的问题中。此外，对于需要从数据中估计定义先验和噪声模型的多个超参数的层次问题，即使正向算子是线性的，后验分布也可能不再是高斯分布。对这些层次设置进行大规模不确定性量化需要新的计算技术。在本工作中，我们考虑了一个层次贝叶斯框架，其中噪声和先验方差都被建模为超参数。我们的方法使用Gibbs中的Metropolis-Hastings独立采样，其中建议分布基于广义Golub-Kahan方法。我们考虑了两种建议采样器，一种使用条件协方差矩阵的低秩近似，另一种使用预处理的Lanczos方法。来自地震成像、动态光声层析成像和大气逆建模的数值示例展示了所描述方法的有效性。,艾尔·布瑟,2025-02-05,2025-02-05,,N/A
2502.03280v1,利用创造力作为软件工程中的问题解决工具,http://arxiv.org/abs/2502.03280v1,今天的软件工程（SE）复杂性要求拥有一个更加多样化的工具集，这超出了技术专长，才能成功应对所有挑战。先前的研究表明，创造力是克服这些障碍的关键指标。在这篇论文中，我们将认知心理学领域中的创造力研究成果移植到软件工程领域。毕竟，编程是一项高度创造性的工作。我们探讨了如何利用创造力作为实际的问题解决工具，为软件开发者所用。本文中展开的七个独特但相互关联的创造性问题解决主题，伴随着针对软件专业人士的实用视角。就像编程语言知识这样的技术技能一样，我们相信创造力可以通过实践学习和提高。,"Wouter Groeneveld

（请注意，这只是一个名字的翻译，名字通常不进行直译，而是按照发音来对应中文中的类似发音的名字。）",2025-02-05,2025-02-05,,N/A
2502.03279v1,后验SBC：基于模拟的校准检查，条件于数据,http://arxiv.org/abs/2502.03279v1,基于模拟校准检查（SBC）是指通过在由生成模型模拟的数据上重复进行推理，来验证推理算法和模型实现的有效性。在原始和常用的方法中，生成模型使用从先验分布中抽取的参数，因此这种方法是在测试推理是否适用于由该先验分布下参数值合理的模拟数据生成的数据。当我们想要测试推理是否适用于我们可能观察到的广泛数据集时，这种方法是自然且可取的。然而，在观察数据之后，我们感兴趣的是回答推理是否在特定数据条件下有效。在本文中，我们提出了后验SBC，并展示了如何使用它来验证在观察数据条件下的推理。我们通过三个案例研究说明了后验SBC的实用性：（1）一个简单的多层次模型；（2）受微分方程控制的模型；（3）通过神经网络进行近似贝叶斯推理的联合整合神经科学模型。,"Teemu Säilynoja

（请注意，这个名字是一个人名，通常不需要翻译，除非有特定的文化或语境要求。）",2025-02-05,2025-02-05,,N/A
2502.03278v1,重载轮式移动机器人系统可用性和连续运行中的容错控制,http://arxiv.org/abs/2502.03278v1,当重型轮式移动机器人（HD-WMR）的控制系统出现故障时，理想运动轨迹会出现偏差，这会显著增加越野不稳定性和造成高昂损坏的风险。为了满足HD-WMR在安全性、可靠性和可控性方面的需求，控制系统必须在一定程度上容忍故障，确保持续运行。为此，本文提出了一种无模型分层控制与容错（MFHCA）框架，旨在解决液压驱动、独立控制轮子的HD-WMR中的传感器和执行器故障。首先，研究了HD-WMR运动动力学的新颖数学表示，该表示结合了传感器和执行器故障模式。随后，提出了MFHCA框架来管理各种故障模式下的所有车轮，确保每个车轮跟踪参考驱动速度和转向角度，这些参考值是通过从HD-WMR基架中命令的角速度和线速度逆运动学映射得到的。为此，该框架在独立阀门调节的车轮中生成适当的功率努力，以适应自适应隔离的故障，从而确保指数稳定性。在6500公斤液压驱动的HD-WMR在各种故障模式和崎岖地形下的实验分析证明了MFHCA框架的有效性。,梅赫迪·海达里·沙纳,2025-02-05,2025-02-05,,N/A
2502.03276v1,劳里塞拉函数的高精度数值评估,http://arxiv.org/abs/2502.03276v1,我们提出了一种方法，用于对Lauricella函数进行高精度数值评估，这些函数的指数与某个参数$\varepsilon$线性相关，该方法基于它们在零点的Laurent级数展开。这种方法基于通过Frobenius广义幂级数找到这些函数的解析延拓。由于这些级数是一维的，因此它们比基于超几何级数重展开或Mellin-Barnes积分表示的解析延拓方法中出现的多维求和更适合于高精度数值评估。为了进一步加速计算过程，从给定Lauricella函数在特定数值$\varepsilon$下的评估中重建结果对$\varepsilon$的依赖性，这还允许进行高效的并行实现。该方法已在用Wolfram Mathematica语言编写的$\texttt{PrecisionLauricella}$软件包中实现。,"M. A. Bezuglov 这个名字看起来像是一个人的名字，其中 ""M. A."" 可能是 ""Master of Arts"" 的缩写，意为艺术硕士学位。""Bezuglov"" 则是姓氏。所以，这个翻译成中文就是：

M.A. 别祖格洛夫",2025-02-05,2025-02-05,,N/A
2502.03275v1,Token 混合：通过混合潜在和文本标记提升语言模型推理能力,http://arxiv.org/abs/2502.03275v1,大型语言模型（LLMs）在训练过程中，当使用思维链（CoT）数据时，在推理和规划方面表现出色，因为这些数据通过文本标记明确地概述了逐步的思维过程。然而，这导致了输入内容过长，其中许多词汇支持文本连贯性而非核心推理信息，处理这些输入需要大量的计算资源。在本研究中，我们提出了一种推理过程的混合表示方法，其中我们使用VQ-VAE生成的潜在离散标记部分抽象出初始推理步骤，显著缩短了推理轨迹的长度。我们探讨了在两种场景中使用潜在轨迹抽象的应用：1）从头开始训练模型以解决“钥匙寻宝迷宫”问题；2）在包含未见过的潜在标记的扩展词汇上微调LLMs，用于逻辑和数学推理问题。为了促进有效的学习，我们引入了一种简单的训练程序，该程序随机混合潜在和文本标记，这使得模型能够快速适应新的潜在标记。我们的方法在各种基准测试中始终优于基线方法。,地佳素,2025-02-05,2025-02-05,,N/A
2502.03274v1,可扩展的概率神经符号验证方法,http://arxiv.org/abs/2502.03274v1,神经符号人工智能（NeSy AI）已成为将神经学习和符号推理相结合的一个有希望的途径。在这样的系统的概率变体中，神经网络首先从亚符号输入中提取一组符号，然后这些符号被符号组件用来以概率方式推理，以回答一个查询。在这项工作中，我们解决了形式化验证此类NeSy概率推理系统鲁棒性的问题，从而为它们在关键领域的安全部署铺平了道路。我们分析了精确解决此问题的复杂性，并表明它是$\mathrm{NP}^{\# \mathrm{P}}$-难。为了克服这个问题，我们提出了第一个用于近似、基于松弛的验证概率NeSy系统的方法。我们通过实验证明，所提出的方法比基于求解器的解决方案具有指数级的扩展性，并将我们的技术应用于一个现实世界的自动驾驶数据集，在该数据集中，我们在大输入维度和网络规模下验证了一个安全属性。,瓦西里奥斯·曼吉纳斯,2025-02-05,2025-02-05,,N/A
2502.03273v1,贝叶斯协变量依赖性昼夜节律模型,http://arxiv.org/abs/2502.03273v1,我们提出了一种贝叶斯协变量依赖对数反逻辑昼夜节律模型，用于分析通过佩戴式可穿戴设备收集的活动数据。该方法将协变量整合到振幅和相位参数的建模中，提高了群体水平分析的可灵活性和可解释性。为了促进模型稀疏性，我们采用了l_1球投影先验，能够在控制复杂性的同时识别出显著的预测因子。我们首先在模拟数据上评估了模型性能，然后将该方法应用于来自癫痫患者的真实世界活动记录数据。我们的结果表明，该模型在揭示影响休息-活动节律的人口统计学、心理学和医学因素之间的复杂关系方面非常有效，为个性化临床评估和医疗干预提供了见解。,本尼阿明诺·哈吉-阿马尔,2025-02-05,2025-02-05,,N/A
2502.03271v1,TYPEPULSE：检测Rust程序中的类型混淆错误,http://arxiv.org/abs/2502.03271v1,Rust支持类型转换，并且通过强大的静态类型检查和严格的所有权规则保证了这些转换的安全性。然而，在某些情况下，程序员需要使用不安全的Rust来进行特定的类型转换，尤其是涉及指针的转换。因此，这些转换可能会导致严重的内存损坏问题。尽管对C/C++中的类型混淆错误进行了广泛的研究，但关于Rust中类型混淆错误的研究仍然不足。此外，由于Rust在类型系统中的新特性，C/C++中现有的解决方案不能直接应用于Rust。在本文中，我们开发了一个名为TYPEPULSE的静态分析工具，用于检测Rust中三种主要类型的类型混淆错误，包括不匹配的内存对齐、不一致的布局和范围不匹配。TYPEPULSE首先进行类型转换分析，收集并确定类型对的特质界限。此外，它还执行指针别名分析，以解析指针的别名关系。在将信息整合到属性图之后，它构建类型模式，并在各种转换场景中检测每种类型的错误。我们在前3000个Rust包上运行TYPEPULSE，发现了71个新的类型混淆错误，超过了过去五年RUSTSEC报告的类型混淆错误总数。我们收到了32位开发者的确认，以及一个CVE ID和六个RUSTSEC ID。,陈宏茂,2025-02-05,2025-02-05,,N/A
2502.03269v1,1型糖尿病胰岛素注射的建模与优化,http://arxiv.org/abs/2502.03269v1,糖尿病是一种全球性的健康危机，其特征是血糖调节不良，影响全球数百万人口，导致严重并发症和死亡率。尽管与糖尿病的其他形式相比，1型糖尿病（T1DM）的病例数量较少，但它通常在年轻时被诊断出来，并需要终身使用外源性胰岛素。在这篇论文中，我们专注于理解胰岛素和葡萄糖分子在皮下层的相互作用，这对于T1DM患者的血糖控制至关重要。具体来说，我们提出一个综合模型来描述皮下层中的胰岛素-葡萄糖系统，并纳入一个多细胞分子通讯系统。然后，我们将T1DM系统划分为胰岛素和葡萄糖子系统，并推导出皮下层中胰岛素-葡萄糖相互作用的端到端表达式。我们进一步通过基于代理的模拟器验证了胰岛素-葡萄糖相互作用分析。由于有效管理餐后血糖水平对于T1DM患者来说至关重要，以保护他们的整体健康并预防短期和长期并发症，我们还根据推导出的葡萄糖响应，通过拉格朗日乘数法和梯度下降上升法推导出最佳的胰岛素注射时间。这使我们能够探索不同类型的胰岛素和饮食管理对血糖水平的影响。模拟结果证实了我们提出的模型是正确的，以及我们优化的注射胰岛素的有效时间窗口对于T1DM患者是有效的。,"Rinrada Jadsadaphongphaibool 这个名字看起来是泰语或类似语言的名字，翻译成中文时，我们通常保留其发音，所以翻译为：

林拉达·贾萨达蓬帕伊波尔",2025-02-05,2025-02-05,,N/A
2502.03268v1,帽子与幽灵图案的衍射以及它们的一些相关图案,http://arxiv.org/abs/2502.03268v1,已知为纯点集的帽子（Hat）和幽灵（Spectre）单砖镶嵌的衍射光谱被推导并明确计算。这是通过帽子镶嵌和幽灵镶嵌拓扑共轭类中的自相似成员的模型集代表来实现的，分别对应CAP镶嵌和CASPr镶嵌。随后，对模型集进行适当的重新投影，以表示原始的帽子和幽灵镶嵌，这也允许我们明确地计算它们的傅里叶-波尔系数。由于底层模型集的窗口具有分形边界，这些系数需要通过内部空间中的精确重整化循环来计算。,迈克尔·贝克,2025-02-05,2025-02-05,,N/A
2502.03266v1,ZISVFM：基于视觉基础模型的室内机器人环境零样本物体实例分割,http://arxiv.org/abs/2502.03266v1,在非结构化环境中运行的服务机器人必须有效地识别和分割未知物体，以增强其功能。传统的基于监督学习的分割技术需要大量的标注数据集，这在面对现实场景中遇到的物体多样性时是不切实际的。未见物体实例分割（UOIS）方法试图通过在合成数据上训练模型以泛化到新物体来解决这个问题，但它们通常受到模拟与现实差距的困扰。本文提出了一种新颖的方法（ZISVFM），通过利用分割任何模型（SAM）的强大零样本能力和自监督视觉变换器（ViT）的显式视觉表示来解决UOIS问题。所提出的框架分为三个阶段：（1）使用SAM从彩色深度图像生成物体无关的掩码提议，（2）使用自监督ViT的基于注意力的特征对这些提议进行细化，以过滤非物体掩码，以及（3）应用K-Medoids聚类生成点提示，引导SAM进行精确的物体分割。在两个基准数据集和一个自收集数据集上的实验验证了ZISVFM在复杂环境中的优越性能，包括如橱柜、抽屉和手持物体等分层设置。我们的源代码可在https://github.com/Yinmlmaoliang/zisvfm上找到。,张英,2025-02-05,2025-02-05,,N/A
2502.03264v1,通用多变量时间序列数据的多维知识表示的通用时间序列模型,http://arxiv.org/abs/2502.03264v1,通用知识表示是多变量时间序列（MTS）基础模型的核心问题，但至今仍未解决。本文从第一性原理出发，做出了四方面的贡献。首先，揭示了一个新的实证发现：不同时间粒度（或相应频率分辨率）的时间序列在频域中表现出不同的联合分布。这暗示了学习通用知识的一个关键方面，这是先前研究忽视的。其次，提出了一种新的傅里叶知识注意力机制，以从时间和频率域中学习时间粒度感知的表示。第三，将自回归空白填充预训练框架首次纳入时间序列分析，从而实现了一种与生成任务无关的预训练策略。为此，我们开发了通用时间序列模型（GTM），这是一个统一的MTS基础模型，解决了当代时间序列模型的局限性，这些模型通常需要标记、预训练或模型级别的定制以适应下游任务。第四，大量实验表明，GTM在所有生成任务中，包括长期预测、异常检测和插补方面，都优于最先进（SOTA）的方法。,郑和,2025-02-05,2025-02-05,,N/A
2502.03263v1,基于模型参考的具有预定性能保证的不确定严格反馈系统控制,http://arxiv.org/abs/2502.03263v1,"为了解决由时间和状态变化的随机不确定性以及严格反馈形式（SFF）系统中解析导数的计算所提出的复杂性，本研究引入了一种新型的基于模型参考控制（MRBC）框架，该框架局部应用于每个子系统（SS），以确保在指定的瞬态和稳态响应标准内实现输出跟踪性能。该框架包括以下内容：

1）设计了一种新型的同态自适应估计器（HAEs），旨在将不确定的非线性SFF系统与参考模型匹配，从而在SS级别上更容易进行分析和控制设计；
2）基于模型的同态自适应控制器（HAC-BLFs），通过对数障碍Lyapunov函数（HAC-BLFs）进行增强，旨在控制每个SS中HAEs提供的参考模型，同时确保在控制幅度饱和下的预定跟踪响应。本质上鲁棒的MRBC通过一个通用的稳定性连接项实现了统一的指数稳定性，该稳定性连接项解决了相邻SS之间的动态相互作用。

在MRBC框架中，对HAEs和HAC-BLFs的参数敏感性进行了分析，重点关注系统的鲁棒性和响应性。所提出的MRBC框架通过几个场景进行了实验验证，这些场景涉及一个具有不确定SFF的机电线性执行器系统，该系统承受了0-95%的负载扰动挑战。",梅赫迪·海达里·沙纳,2025-02-05,2025-02-05,,N/A
2502.03261v1,胡萝卜：一种成本感知的速率最优路由器,http://arxiv.org/abs/2502.03261v1,随着大型语言模型（LLMs）数量的快速增长，最近人们对LLM路由，即指导查询到能提供合适响应的最便宜LLM产生了兴趣。沿着这一研究方向，我们引入了CARROT，这是一个成本感知的速率最优路由器，可以根据性能和成本之间的任何所需权衡来选择模型。给定一个查询，CARROT根据模型成本和性能的估计来选择模型。它的简单性赋予了CARROT计算效率，而我们的理论分析证明了其在路由性能上的最小-最大速率最优性。与CARROT同时，我们还引入了智能价格感知路由（SPROUT）数据集，以促进在广泛查询范围内使用最新的最先进LLMs进行路由。使用SPROUT和先前的基准测试，如Routerbench和open-LLM-leaderboard-v2，我们实证验证了CARROT的性能与几种替代路由器的比较。,这个短语看起来像是一个人名，但是没有上下文，很难确定其正确的翻译。如果按照字面意思翻译，可以翻译为“肖马斯·索默斯特普”。如果需要更地道的中文表达，可以根据发音近似翻译为“肖姆·索姆斯特普”。,2025-02-05,2025-02-05,,N/A
2502.03258v1,暗物质直接探测实验中电荷守恒的测试,http://arxiv.org/abs/2502.03258v1,电荷守恒（ECC）通常被视为标准模型中的一个公理。通过高精度实验寻找微小的违反现象，可能会引导我们进入新的物理领域。在这项工作中，我们利用XENON-nT实验的1.16吨·年电子反冲数据，测试了“隐形”的电荷非守恒（ECNC）事件。结果显示没有统计学上的显著信号，ECNC的限制被更新为$\tau(e^-\rightarrow{\nu_e+\bar{\nu}_e+\nu_e}) > 4.34 \times10^{27}$年。这项工作将限制提高了两个数量级，并表明暗物质直接探测实验在进一步测试电荷守恒方面具有巨大的潜力。,张Z.H.,2025-02-05,2025-02-05,,N/A
2502.03257v1,从临床记录中高效提取药物信息：两种语言的评估,http://arxiv.org/abs/2502.03257v1,目标：评估一种新的自然语言处理（NLP）方法在从临床叙事中提取药物信息方面的准确性、计算成本和便携性。材料与方法：我们提出了一种基于原始Transformer架构的方法，用于提取与患者用药方案相关的实体及其关系。首先，我们使用这种方法在斯特拉斯堡大学医院的全新标注语料库上训练和评估了一个模型。其次，通过在2018年n2c2共享任务中的英语临床文档上进行评估，来评估该方法的便携性。通过与其他使用Transformer的方法进行比较，评估了信息提取准确性和计算成本。结果：所提出的架构在关系提取任务上实现了与法语和英语（F度量分别为0.82和0.96，与0.81和0.95相当）最先进技术相媲美的性能，但计算成本降低了10%。对于法语和英语语料库，端到端（命名实体识别和关系提取）的F1性能分别为0.69和0.82。讨论：虽然为英语笔记开发的现有系统在法语医院环境中部署时付出了合理的努力，但我们发现，一种替代架构提供了与法语和英语临床文本处理相当的信息提取性能，同时计算影响更低。结论：所提出的架构可以用于从临床文本中提取药物信息，具有高性能和低计算成本，因此适合通常资源有限的医院IT资源。,Thibaut Fabacher 是一个名字，通常不需要翻译，直接按照拼音读作“蒂博·法巴赫”。如果需要正式的翻译，可以译为“蒂博·法巴赫”。,2025-02-05,2025-02-05,,N/A
2502.03256v1,CCDM宇宙学相空间分析,http://arxiv.org/abs/2502.03256v1,我们使用定性分析动力学系统的强大技术，对CCDM（冷暗物质创造）宇宙学进行了详细研究。考虑到从恒定到动态的各种创造速率，我们考察了仅由冷暗物质组成或冷暗物质加上具有恒定状态方程的第二流体的单个情景中得到的临界点的性质及其稳定性。根据我们的分析，这些情景预测了不稳定的暗物质主导的临界点、稳定的加速吸引子，这些吸引子要么由暗物质主导，要么由第二流体主导，以及同时存在暗物质和第二流体的尺度吸引子。伴随这些临界点，这些情景还表明未来可能出现减速吸引子或减速尺度吸引子的可能性，这是这一方向的新成果。总之，这表明CCDM宇宙学是主流宇宙学模型的可行替代方案。,苏迪普·哈尔德,2025-02-05,2025-02-05,,N/A
2502.03255v1,基于时变超材料的时序多层结构，用于设计高阶传递函数,http://arxiv.org/abs/2502.03255v1,时变超材料是一种电磁性质随时间变化的人工材料。与空间介质和超材料类似，它们的性质在空间上可能平滑变化或突然变化，时变超材料可以表现出随时间的平滑变化，实现时变非均匀介质，或者实现时变版的电介质板或多层结构。在这封信中，我们关注时变多层结构，并提出了通过建模通过广义时变多层结构中的波传播来合成高阶传递函数的方法，该结构由不同介质随时间级联组成。我们展示了时变结构的散射响应随频率的变化，推导出对应于适当设计的介质属性（即介电常数和磁导率）和应用时间的散射系数，类似于在光学和电磁空间多层结构中通常所做的那样。这使得我们能够通过利用时间维度而不是空间维度来设计具有高阶传递函数的新型电磁和光学设备。,达维德·拉马齐亚,2025-02-05,2025-02-05,,N/A
2502.03254v1,贝叶斯网络构建驾驶员行为模型情感模块的方法,http://arxiv.org/abs/2502.03254v1,本文聚焦于驾驶员行为模型（DBM）的情感成分，特别是对一些驾驶员心理状态进行建模，例如心理负荷和主动疲劳，这些因素可能会影响驾驶表现。我们运用贝叶斯网络（BNs）来探索各种相关变量之间的依赖关系，并根据驾驶员的生理和人口统计数据估计驾驶员处于特定心理状态的概率。通过这种方法，我们的目标是提高我们对动态环境中驾驶员行为的理解，并有望应用于交通安全和自动驾驶技术领域。,多罗塔·米伦茨基克,2025-02-05,2025-02-05,,N/A
2502.03253v1,人类和语言模型如何推理创造力？一种比较分析,http://arxiv.org/abs/2502.03253v1,在科学和工程领域的创造力评估越来越依赖于人类和人工智能的判断，但评估背后的认知过程和偏见仍然了解甚少。我们进行了两项实验，研究包含评分的示例解决方案如何影响创造力评估，采用了一种细粒度标注协议，其中评分者被要求解释他们的原创性评分以及对于远程性（回答是否远离日常想法）、罕见性（回答是否罕见）和巧妙性的评分。在研究1中，我们分析了72位受过正式科学或工程培训的专家的创造力评分，比较了那些收到示例解决方案并评分的专家（示例组）与那些没有收到示例的专家（无示例组）。计算文本分析显示，与收到示例的专家相比，无示例组的专家使用了更多比较性语言（例如，“更好/更差”）并强调了解决方案的罕见性，这表明他们可能更多地依赖记忆检索来进行比较。在研究2中，与最先进的LLM（大型语言模型）的并行分析显示，模型在评估原创性时优先考虑了想法的罕见性和远程性，这表明评估过程根植于想法的语义相似性。在示例条件下，虽然LLM在预测真实原创性评分方面的准确性提高了，但远程性、罕见性和巧妙性与原创性之间的相关性也大幅增加——达到0.99以上——这表明LLM在评估个体方面趋于同质化。这些发现突出了人类和人工智能在推理创造力方面的重要启示，并表明不同群体在评分时优先考虑的因素可能存在差异。,安东尼奥·拉韦尔盖塔·小儿子,2025-02-05,2025-02-05,,N/A
2502.03252v1,一个概念口语与文字的尺度：遵循“亲近与疏远”传统的自动文本分类,http://arxiv.org/abs/2502.03252v1,科赫和奥斯特里希的“Nähe und Distanz”（Nähe意为亲近，概念性口语；Distanz意为距离，概念性读写能力）模型在德国语言学中一直被广泛使用。然而，在语料库语言学分析中，该模型缺乏统计基础，而它正越来越多地进入实证语料库语言学领域。从理论上讲，它规定，除了其他方面之外，书面文本可以通过语言特征在概念性口语和读写能力的量表上进行评级。本文基于主成分分析（PCA）建立了这样一个量表，并将其与自动分析相结合。以新高地德语语料库为例。在评估既定特征时，一个主要发现是，为了以区分的方式对文本进行评级，必须区分概念性口语和读写能力的特征。该量表还讨论了其在语料库编纂中的应用以及作为在大规模语料库中分析的指南。以理论驱动的起点和作为一个“定制”维度，与比伯的第一维度相比，该方法特别适合这些辅助和控制任务。,沃勒·艾姆里希,2025-02-05,2025-02-05,,N/A
2502.03251v1,黎曼GFM：从黎曼几何中学习图基础模型,http://arxiv.org/abs/2502.03251v1,基础模型宣告了人工智能新时代的到来，通过预训练单个模型，使其在不同数据集上实现跨领域的迁移性。图神经网络擅长学习图数据，这种无处不在的非欧几里得结构，但往往缺乏泛化能力。因此，图基础模型越来越受到关注，近期的研究努力开始利用大型语言模型。一方面，现有研究主要关注文本属性图，而更广泛的现实图并不包含丰富的文本属性。另一方面，为大型语言模型量身定制的顺序图描述忽略了图的结构复杂性，这是图的主要特征。这些局限性引发了一个重要问题：我们能否超越大型语言模型，预训练一个通用模型来学习任何图的结构知识？在语言或视觉领域，答案是共享词汇。我们观察到，在图领域也存在共享的子结构，从而为具有结构词汇的图基础模型开辟了新的机会。关键创新是发现了一种简单而有效的树和环的结构词汇，并探讨了它与黎曼几何的内在联系。在此，我们提出了一种通用预训练模型，RiemannGFM。具体来说，我们首先构建了一个新颖的积空间，以融合词汇的多样化几何形状。然后，在这个构建的空间上，我们堆叠黎曼层，其中结构词汇（无论具体图为何）在黎曼流形中学习，从而实现跨领域的迁移性。大量的实验表明，RiemannGFM在多种真实图上都非常有效。,李孙,2025-02-05,2025-02-05,,N/A
2502.03249v1,基于OpenCL的便携式晶格量子色动力学实现,http://arxiv.org/abs/2502.03249v1,不同厂商的GPU存在要求Lattice QCD代码支持多种架构。为此，开放计算语言（OpenCL）是编写可移植代码的一个可行的框架。了解OpenCL实现与基于如Nvidia GPU的专用编程接口（如CUDA）的代码相比表现如何，是非常有趣的。我们已经为Wuppertal-Budapest合作已经存在的代码开发了一个OpenCL后端。在本贡献中，我们展示了数值模拟中最耗时部分——狄拉克算子求逆的基准测试。我们展示了基于Nvidia和AMD显卡的JUWELS和LUMI超级计算机上的代码性能，并与CUDA后端实现进行了比较。,皮尤什·库马尔,2025-02-05,2025-02-05,,N/A
2502.03248v1,《基于GMSH的有限元方法实用入门：MATLAB/Octave视角》,http://arxiv.org/abs/2502.03248v1,有限元法（FEM）是求解偏微分方程（PDEs）的一种强大的计算工具。尽管商业和开源的FEM软件包广泛可用，但独立实现FEM具有显著的教育价值，可以更深入地理解该方法，并能够开发针对特定应用或与其他求解器集成的定制解决方案。这项工作介绍了一种在MATLAB/Octave中实现的3D $\mathbb{P}_m$-元素有限元法，它旨在平衡教育清晰度和计算效率。一个关键特性是它与GMSH的集成，GMSH是一个具有CAD功能的开源3D网格生成器，可以简化复杂几何形状的网格生成。通过利用GMSH数据结构，我们提供了几何建模和数值模拟之间的无缝连接。该实现专注于求解通用对流-扩散-对流方程，并作为解决包括弹性、混合形式和与其他数值方法集成在内的先进问题的灵活基础。,维克多·多明格斯,2025-02-05,2025-02-05,,N/A
2502.03247v1,Thetacrypt：一个用于门限密码学的分布式服务,http://arxiv.org/abs/2502.03247v1,门限密码学是一种强大且广为人知的技巧，在依赖分布式信任的系统中有许多应用。它最近也作为一种解决方案出现在区块链面临的挑战中：预防抢跑、管理钱包密钥和生成随机数。这项工作介绍了Thetacrypt，这是一个将多种门限方案集成到一个代码库中的多功能库。它提供了一种使用门限密码学轻松构建分布式系统的方法，并且对它们的实现语言无关。Thetacrypt的架构支持各种协议的统一。该库目前包括六种密码学方案，涵盖了加密、签名和随机数生成。此外，库中还包含一个灵活的适配器，用于底层网络层，该层提供点对点通信和全序广播通道；后者可以通过分布式账本实现，例如。Thetacrypt作为一个受控的测试平台，用于在一致条件下评估多种门限密码学方案的性能，展示了传统的微观基准测试方法如何忽视了协议的分布式特性及其在考虑系统性能时的相关性。,玛丽亚罗莎利亚·巴巴拉齐,2025-02-05,2025-02-05,,N/A
2502.03245v1,基于强化学习的多变量时间序列的无监督异常检测校准,http://arxiv.org/abs/2502.03245v1,本文研究了使用强化学习（RL）在自编码器潜在空间中进行的无监督多变量时间序列数据异常检测。一个显著挑战是异常数据的有限可用性，这往往导致将异常事件错误地分类为正常事件，从而产生假阴性。RL可以通过在训练过程中促进探索和平衡利用来帮助克服这一限制，从而有效地防止过拟合。小波分析也被用于增强异常检测，使时间序列数据能够分解到时间和频率域。这种方法能够在多个分辨率上捕捉异常，通过提取小波系数来检测数据中的突然和细微变化，从而完善异常检测过程。我们通过生成合成异常并将监督框架嵌入到模型中来校准决策边界。这个监督元素通过微调决策边界并提高模型区分正常和异常模式的能力，从而帮助无监督学习过程。,萨巴·萨纳米,2025-02-05,2025-02-05,,N/A
2502.03241v1,实验中定量序列因素的优化设计,http://arxiv.org/abs/2502.03241v1,最近，一种在医学科学、生物工程以及许多其他学科中，综合考虑定量和序列因素的全新实验类型引起了广泛关注。这类实验的输入空间通常是半离散的，并且往往非常大。因此，需要高效且经济的实验设计。基于对良好格点集的变换和聚合，我们构建了一类新的最优定量-序列（QS）设计，这些设计具有边缘耦合、成对平衡、空间填充和渐近正交的特性。所提出的QS设计在运行和因素规模上具有一定的灵活性，特别适用于高维情况。,王亚平,2025-02-05,2025-02-05,,N/A
2502.03240v1,标准模型在四维膨胀时空中的全局临界点,http://arxiv.org/abs/2502.03240v1,标准模型是基本粒子物理学中最成功的模型之一，它与实验结果完全一致。然而，从几何和解析的角度来看，其数学结构值得进一步研究。本文的目的是提供一个在全局双曲流形上的规范理论和微分几何框架下，对标准模型进行数学上定义良好且自洽的描述。在这个框架内，我们证明了在全局双曲流形是四维膨胀时空且初始数据较小的情况下，标准模型（具有共形希格斯势）的欧拉-拉格朗日方程存在全局解。这是通过建立具有独立数学兴趣的规范不变能量估计来实现的。,博尔克·布兰丁,2025-02-05,2025-02-05,,N/A
2502.03238v1,长尾医学诊断：基于关系感知表征学习和迭代分类器校准,http://arxiv.org/abs/2502.03238v1,最近，计算机辅助诊断展现出令人鼓舞的性能，有效减轻了临床医生的工作负担。然而，不同疾病之间固有的样本不平衡导致算法偏向于多数类别，从而对罕见类别造成性能下降。现有工作将这一挑战定义为长尾问题，并试图通过解耦特征表示和分类来解决这个问题。然而，由于尾部类别的样本分布不均和样本有限，这些工作容易导致有偏的特征表示学习和分类器校准不足。为了解决这些问题，我们提出了一种新的长尾医学诊断（LMD）框架，用于在长尾数据集上进行平衡医学图像分类。在初始阶段，我们开发了一种关系感知表示学习（RRL）方案，通过鼓励编码器通过不同的数据增强来捕捉内在语义特征，从而提升表示能力。在后续阶段，我们提出了一种迭代分类器校准（ICC）方案，通过迭代校准分类器。这是通过生成大量平衡的虚拟特征，并使用期望最大化方法微调编码器来实现的。所提出的ICC补偿了少数类别，以促进无偏分类器的优化，同时保持多数类别中的诊断知识。在三个公开的长尾医学数据集上的综合实验表明，我们的LMD框架显著优于现有方法。源代码可在https://github.com/peterlipan/LMD上获取。,李潘,2025-02-05,2025-02-05,,N/A
2502.03236v1,先驱：基于物理信息的黎曼图常微分方程，用于增加熵的动力学,http://arxiv.org/abs/2502.03236v1,动态交互系统建模对于理解和模拟现实世界系统至关重要。系统通常被描述为一个图，其中多个对象动态地相互交互并随时间演化。近年来，图常微分方程（ODE）受到了越来越多的研究关注。虽然取得了令人鼓舞的结果，但现有解决方案优先考虑传统的欧几里得空间，而忽略了系统的内在几何和物理定律，例如熵增原理。上述局限性促使我们从黎曼几何的新视角重新思考系统动力学，并提出了一个更符合物理规律的物理信息动态系统建模问题，首次考虑了潜在的几何和物理定律。在本文中，我们提出了一种针对广泛熵增动态系统（称为先锋）的新型物理信息黎曼图ODE。具体来说，我们在黎曼流形上建立了一个微分系统，其中流形值图ODE受所提出的约束黎曼流控制，以及一个了解系统几何的流形保持陀螺变换。从理论上讲，我们报告了我们的公式的可证明熵非递减性，遵循物理定律。实证结果表明，先锋在真实数据集上的优越性。,李孙,2025-02-05,2025-02-05,,N/A
2502.03233v1,探索检索增强代码生成中知识库投毒的安全威胁,http://arxiv.org/abs/2502.03233v1,大型语言模型（LLMs）融入软件开发领域，尤其是通过检索增强代码生成（RACG）系统，极大地推动了这一领域的发展，这些系统通过外部知识库的信息来增强代码生成。然而，RACG系统的安全影响，尤其是知识库中易受攻击的代码示例带来的风险，尚未得到充分探索。这种风险尤其令人担忧，因为公共代码库通常作为RACG系统中知识库收集的来源，对社区中的任何人都是可访问的。恶意攻击者可以利用这种可访问性将易受攻击的代码注入知识库，使其变得有害。一旦这些有毒样本被检索并纳入生成的代码中，它们就可能将安全漏洞传播到最终产品中。本文首次全面研究了与RACG系统相关的安全风险，重点关注知识库中的易受攻击代码如何损害生成代码的安全性。我们通过使用四个主要LLMs、两个检索器和两种中毒场景，进行了广泛的实验来研究LLM生成的代码安全性。我们的发现突出了知识库中毒的严重威胁，即使是一个中毒的代码示例也可能损害高达48%的生成代码。我们的发现为RACG系统中漏洞引入提供了关键见解，并提供了实用的缓解建议，从而有助于提高未来LLM生成代码的安全性。,博林,2025-02-05,2025-02-05,,N/A
2502.03232v1,JAMMit！单层3D打印珠子堵塞软气动臂,http://arxiv.org/abs/2502.03232v1,3D打印的波纹软气动臂因其灵活的设计、易于制造和大的变形能力而被广泛采用。然而，它们的低刚度限制了它们在实际应用中的使用。尽管存在几种增强软执行器刚度的方法，但许多方法都涉及复杂的制造过程，这与现代单块和自动化增材制造的目标不符。凭借其简单性，珠子卡住提供了一种简单有效的解决方案来应对这些挑战。这项工作介绍了一种单块打印波纹软气动臂的方法，集成了由碗形珠子驱动的中心脊。我们实验性地表征了该臂在未卡住和卡住状态下的运动范围，以及在各种驱动和卡住条件下的刚度。因此，我们提供了一种最佳的卡住策略，作为保持运动范围和最大化刚度之间的权衡。所提出的设计在开关切换任务中得到了进一步演示，展示了其实际应用的潜力。,瑶瑶,2025-02-05,2025-02-05,,N/A
2502.03231v1,硬币的另一面：从层剥离的角度揭示联邦学习中模型聚合的弊端,http://arxiv.org/abs/2502.03231v1,在联邦学习（FL）中，模型聚合是一个关键步骤，通过这个步骤，多个客户端相互分享知识。然而，人们普遍认为，当聚合后的模型被发送回每个客户端时，在经过几轮本地训练之后，其在本地数据上的表现才会变好。这种暂时的性能下降可能会减缓FL模型的收敛速度。在FL领域的大部分研究都将这种性能下降视为客户端之间知识共享的固有成本，并没有给予它特别的关注。虽然一些研究直接关注设计缓解这一问题的技术，但深入探究导致这种性能下降的原因的研究尚未开展。为了填补这一空白，我们对不同数据集和模型架构下的模型聚合进行了层剥分析。我们的发现表明，性能下降可以归因于聚合过程的两个主要后果：（1）它破坏了深度神经网络（DNN）中的特征可变性抑制；（2）它削弱了特征与后续参数之间的耦合。基于这些发现，我们提出了几种简单而有效的策略来减轻模型聚合的负面影响，同时仍然享受它带来的好处。据我们所知，我们的工作是首次对模型聚合进行层剥分析，这可能会为更有效的FL算法的开发铺平道路。,朱国刚,2025-02-05,2025-02-05,,N/A
2502.03230v1,基于文本的人异常搜索的高效视觉语言模型微调,http://arxiv.org/abs/2502.03230v1,本文介绍了HFUT-LMC团队针对WWW 2025挑战赛中的基于文本的人异常行为搜索（TPAS）问题的解决方案。该挑战的主要目标是准确识别出在大量行人图像库中表现出正常或异常行为的行人。与传统的视频分析任务不同，TPAS显著强调了理解和解释文本描述与视觉数据之间微妙关系的重要性。这项任务的复杂性在于，模型不仅需要在海量图像数据集中将个体与文本描述相匹配，而且在面对相似描述时，还需要准确区分搜索结果。为了克服这些挑战，我们引入了相似度覆盖分析（SCA）策略，以解决由相似文本描述引起的识别困难。该策略有效地增强了模型处理微妙差异的能力，从而提高了搜索的准确性和可靠性。我们提出的解决方案在该挑战中表现出色。,佳怡河,2025-02-05,2025-02-05,,N/A
2502.03229v1,半监督图像分割与配准的统一框架,http://arxiv.org/abs/2502.03229v1,半监督学习，它利用了标注和非标注数据，是一种高效的医学图像分割方法。在医学图像分割中，获取整个数据集的标注信息既耗时又昂贵。传统的半监督方法主要关注从非标注数据中提取特征和学习数据分布，以增强模型训练。在这篇论文中，我们介绍了一种新颖的方法，该方法结合了一个图像配准模型来为非标注数据生成伪标签，从而生成更符合几何形状的伪标签，以改善模型训练。我们的方法在二维脑部数据集上进行了评估，即使只使用了1%的标注数据，也表现出优异的性能。结果表明，我们的方法在标注比例较低的情况下，优于传统的半监督分割方法（例如教师-学生模型）。GitHub：https://github.com/ruizhe-l/UniSegReg。,李瑞哲,2025-02-05,2025-02-05,,N/A
2502.03226v1,COLP：构建儿童在线长期协作学习,http://arxiv.org/abs/2502.03226v1,在线协作学习和工作对每个人都很重要，包括儿童。然而，儿童在在线沟通和协作时仍然面临许多困难，这阻碍了他们参与长期的项目式团队合作。我们的目标是调查在线长期协作学习机会，以填补这一空白。我们设计了一个名为COLP的在线、16周的项目式学习计划，作为基于多种学习理论的小学教育干预措施。我们在中国五个以上的省份，对67名8至13岁的小学生进行了这个项目。我们发现，经过长期学习后，这个项目能让超过三分之一的儿童参与团队合作。此外，我们采访了儿童及其家长，以帮助我们了解这个项目的沟通渠道、益处和挑战。有趣的是，我们发现家长在孩子的协作学习中扮演着多重角色，尤其是在模仿和指导孩子的协作技能方面。鉴于缺乏为儿童设计的长期在线协作项目，这项研究可能会激发计算机支持的协作学习社区中的干预设计。,赵思宇,2025-02-05,2025-02-05,,N/A
2502.03225v1,嵌套随机重置：非平衡稳态和精确相关性,http://arxiv.org/abs/2502.03225v1,随机重置打破了详细平衡，并驱动了非平衡稳态的形成。在这里，我们考虑了一连串的扩散过程$x_i(t)$，这些过程是单方面相互作用的：在随机的时间间隔内，过程$x_n$随机地重置为$x_{n-1}$的瞬时值。我们通过解析方法推导了这些嵌套随机重置过程的稳态统计特性，包括每个过程的平稳分布及其矩。我们还能够通过将问题映射到随机计数过程的排序统计问题，精确地计算出过程之间的稳态二点相关$\langle x_n x_{n+j}\rangle$。在多粒子非平衡系统中理解和计算统计和相关性仍然是一个巨大的挑战，我们的结果提供了一个此类可处理相关性的例子。我们期望这个框架将有助于构建一个独立于模型的无相互作用的随机过程框架，并找到直接的应用，例如在损失信息传播的建模中。,亨利·阿斯顿,2025-02-05,2025-02-05,,N/A
2502.03224v1,星际物质交付案例研究：半人马座α星,http://arxiv.org/abs/2502.03224v1,"在太阳系中已经发现了星际物质，但其起源和运输细节尚不清楚。在这里，我们将半人马座α星作为星际物质输送到我们太阳系的一个案例研究。半人马座α星是一个成熟的 triple 星系，可能包含行星，并且正以大约28,000年后最近点接近我们的方向移动。假设该系统目前有一个喷射模型，我们发现这种物质可以达到我们的太阳系，并且可能目前就存在于这里。到达我们的物质主要是低（<2 km/s）喷射速度的产品，其进入我们太阳系的速度预计将在半人马座α星最近点时达到峰值。如果半人马座α星的喷射速率与我们的太阳系相当，我们估计目前在我们奥尔特云中直径大于100米的半人马座α星粒子数量为$10^{6}$，在半人马座α星最近点时，这个数量将增加一个数量级。然而，这种物体的可观测比例仍然很低，因为其中只有$10^{-6}$的概率有一个在10天文单位内接近太阳。每年可能有少量（约10）来自半人马座α星的直径大于100微米的流星进入地球大气层：这个数字对假设的喷射质量分布非常敏感，但预计随着半人马座α星的接近，流量将会增加。",科尔·R·格雷格,2025-02-05,2025-02-05,,N/A
2502.03221v1,基于PUF的篡改保护的信息论分析,http://arxiv.org/abs/2502.03221v1,物理不可克隆函数（PUFs）能够在不需要为整个设备生命周期提供持续电源的情况下，为高可靠性设备提供物理篡改保护。已经提出了几种基于PUF的篡改保护方法，以及实用的量化与纠错方案。在这项工作中，我们退一步从实现层面分析理论特性和限制。我们将零泄露输出量化应用于现有的量化方案，并在零泄露条件下最小化重建错误概率。我们在辅助数据算法中应用窃听编码，以实现合法用户的可靠密钥重建，同时确保攻击者具有可选择的重建复杂度，类似于本工作中考虑的攻击者模型对加密算法的安全性级别。我们根据攻击者在渐近和有限块长度的能力，给出了可达到的密钥速率的下限，以提供基本的保障，即使攻击者获得了PUF响应和辅助数据的部分信息。此外，我们还给出了PUF单元数量的对偶界限。我们的结果表明，例如，在实用场景中，使用3位量化至少需要459个PUF单元才能达到128位的安全性级别。,乔治·马林格,2025-02-05,2025-02-05,,N/A
2502.03220v1,缓解跨语言职位检索中的语言偏见：从招聘平台的角度看,http://arxiv.org/abs/2502.03220v1,理解简历和职位发布的文本组成部分对于提高职位匹配准确性和优化在线招聘平台上的求职搜索系统至关重要。然而，现有的研究主要关注分析这些信息中的单个组成部分，需要多个专业工具来分析每个方面。这种分散的方法可能会阻碍招聘相关文本处理的整体泛化能力。因此，我们提出了一种统一的句子编码器，利用多任务双重编码框架，将多个组件联合学习到统一的句子编码器中。结果显示，尽管我们的模型规模较小，但该方法在性能上优于其他最先进的模型。此外，我们提出了一种新的指标，即语言偏差库尔巴克-莱布勒散度（LBKL），用于评估编码器中的语言偏差，证明了显著的偏差减少和优越的跨语言性能。,这句话“Napat Laosaengpha”看起来像是一个人名或者特定词汇，但不是标准的英文表达。如果这是一个泰语名字，那么翻译成中文可能是“那帕·劳桑帕”。如果需要更准确的翻译，请提供更多的上下文信息。,2025-02-05,2025-02-05,,N/A
2502.03218v1,数据坝：一种用于在大规模系统中规范和管理数据流的新型框架,http://arxiv.org/abs/2502.03218v1,在大数据时代，高效管理动态数据流至关重要，因为传统的存储模型在实时调控和防止溢出方面存在困难。本文介绍了一种名为“数据坝”的新颖框架，该框架通过动态调整流量来优化数据流入、存储和流出，以防止拥堵并最大化资源利用率。受物理大坝机制的启发，该框架采用智能闸门控制和预测分析，根据系统条件如带宽可用性、处理能力和安全约束来调节数据流。仿真结果表明，与静态基线模型相比，数据坝显著降低了平均存储水平（371.68比426.27单位）并增加了总流出量（7999.99比7748.76单位）。通过确保在波动数据负载下稳定且自适应的流出率，这种方法提高了系统效率，减轻了溢出风险，并优于现有的静态流量控制策略。所提出的框架为大规模分布式系统中的动态数据管理提供了一种可扩展的解决方案，为更具有弹性和高效的实时处理架构铺平了道路。,穆罕默德·阿里·布克,2025-02-05,2025-02-05,,N/A
2502.03214v1,iVISPAR —— 一个用于视觉空间推理的交互式基准，适用于视觉语言模型（VLMs）。,http://arxiv.org/abs/2502.03214v1,视觉语言模型（VLMs）在空间推理和视觉对齐方面一直存在困难。为了帮助克服这些限制，我们引入了iVISPAR，这是一个交互式多模态基准，旨在评估作为代理的VLMs的空间推理能力。iVISPAR基于滑动拼图游戏的变体——这是一个经典问题，需要逻辑规划、空间意识和多步推理。该基准支持视觉2D、3D和基于文本的输入模式，能够全面评估VLMs的规划和推理技能。我们评估了一系列最先进的开源和闭源VLMs，比较了它们的性能，同时提供了最优路径解决方案和人类基线，以评估任务的复杂性和可行性。结果表明，尽管一些VLMs在简单的空间任务上表现良好，但在更复杂的配置和问题属性上会遇到困难。值得注意的是，尽管VLMs在2D视觉方面通常比3D或基于文本的表现更好，但它们始终无法达到人类水平，这突显了视觉对齐的持续挑战。这突显了当前VLM能力中的关键差距，凸显了它们在实现人类水平认知方面的局限性。,朱利叶斯·迈耶,2025-02-05,2025-02-05,,N/A
2502.03212v1,利用广播媒体字幕文本进行自动语音识别和字幕制作,http://arxiv.org/abs/2502.03212v1,最近语音识别技术的进步得益于大规模数据集和基于注意力的架构，但仍然存在许多挑战，尤其是在低资源语言和方言方面。本文探讨了将电视字幕的弱监督转录本集成到自动语音识别（ASR）系统中的方法，旨在提高逐字转录和自动生成字幕的质量。为此，由于它们的特性不同，逐字数据和字幕被视为不同的领域或语言。我们提出并比较了几种端到端架构，这些架构旨在使用单独或共享的编码器和解码器联合建模这两种模态。提出的方法能够联合生成逐字转录和字幕。在佛兰芒语（比利时荷兰语）上的评估表明，具有级联编码器和分离解码器的模型能够最有效地表示两种数据类型之间的差异，同时提高两个领域的质量。尽管存在领域和语言变体的差异，将逐字转录与字幕数据相结合，无需大量预处理就能显著提高ASR性能。此外，使用大规模字幕数据集的实验显示了所提出方法的可扩展性。这些方法不仅提高了ASR的准确性，还生成了与标准书面文本非常接近的字幕，提供了多种潜在的应用。,雅各布·庞斯莱特,2025-02-05,2025-02-05,,N/A
2502.03211v1,在Wuppertal-Budapest高统计数据分析中寻找李-杨边奇异点,http://arxiv.org/abs/2502.03211v1,在临界端点附近，李-杨边界的奇点在复化学势平面上接近实轴。在临界点附近，这种接近的形式取决于普适类。假设在量子色动力学相图中存在三维伊辛临界点，只要知道李-杨边界的奇点在多个温度下的位置，就可以外推临界端点的位置。估计奇点位置的一种流行方法是，将自由能建模为重子化学势 $\mu_\text{B}$ 的有理函数。可以通过在 $\mu_\text{B}^2\leq0$ 时取净重子密度的矩来约束该模型的参数。利用乌珀塔尔-布达佩斯合作组在 $16^3\times8$ 晶格上进行的高统计模拟，我们估计了量子色动力学相图中最近奇点的位置。我们还比较了各种自由能形式的模型，并讨论了这种方法的预测能力。,亚历山大·亚当,2025-02-05,2025-02-05,,N/A
2502.03209v1,双Higgs双态模型中域壁的渗透,http://arxiv.org/abs/2502.03209v1,在具有 $\mathbb{Z}_2$ 对称性的周期性盒子中，简单场论模型在相变过程中形成的域壁已被证明会以因果律允许的速率迅速湮灭，其面积密度与 $t^{-1}$ 成正比。我们进行了关于两希格斯双态模型（2HDM）中域壁动力学数值模拟，其中势在两个空间维度上具有 $\mathbb{Z}_2$ 对称性。我们观察到与标准情况有显著差异。尽管对于分析的约 $10^5$ 组随机初始配置，极端长时间极限是相同的，但由于形成了长寿环，渗透过程要慢得多。我们建议这是由于壁上超导电流的积累，最终可能导致被称为扭曲涡旋的稳态配置。我们讨论了这些发现对于三维空间中涡旋产生的相关性。,理查德·A·巴蒂耶,2025-02-05,2025-02-05,,N/A
2502.03207v1,运动代理：通过运动场代理实现细粒度可控视频生成,http://arxiv.org/abs/2502.03207v1,我们提出了MotionAgent，它能够实现针对文本引导的图像到视频生成中的精细运动控制。关键技术是运动场代理，它将文本提示中的运动信息转换为显式的运动场，提供灵活且精确的运动引导。具体来说，代理从文本中提取描述的对象运动和相机运动，并将它们分别转换为对象轨迹和相机外参。一个分析性光流合成模块将这些运动表示在三维空间中整合，并将它们投影到一个统一的光流中。一个光流适配器将光流用于控制基础图像到视频扩散模型，以生成精细控制的视频。在VBench的视频-文本相机运动指标上的显著提升表明，我们的方法实现了对相机运动的精确控制。我们构建了VBench的一个子集来评估文本中的运动信息和生成的视频中的运动信息的对齐，在运动生成精度上优于其他先进模型。,萧新瑶,2025-02-05,2025-02-05,,N/A
2502.03204v1,多元有理逼近通过低秩张量与p-AAA算法,http://arxiv.org/abs/2502.03204v1,基于有理函数的近似在计算科学和工程的各种应用中得到了广泛应用。对于一元函数，自适应Antoulas-Anderson算法（AAA），它使用有理近似的重心形式，已经确立为一种高效计算此类近似的有力工具。p-AAA算法，AAA算法的一个扩展，专门设计用来解决多元近似问题，最近被引入。在多元近似方法中，一个常见的挑战是，具有大量变量的多元问题往往对内存和计算提出了显著的要求。为了在p-AAA的设置中克服这一障碍，我们首先引入了以可分离函数表示的重心形式。这进而导致了低秩p-AAA算法，该算法在重心有理近似设置中利用了低秩张量分解。我们讨论了所提出的计算框架的各种理论和实践方面，并在四个数值示例中展示了其有效性。我们特别关注参数化降阶建模的应用，其中可以使用我们新颖的程序有效地处理高维数据集。,林纳斯·巴利奇基,2025-02-05,2025-02-05,,N/A
2502.03203v1,FSLH：灵活机械化的投机载荷硬化,http://arxiv.org/abs/2502.03203v1,幽灵（Spectre）推测性侧信道攻击对计算机系统安全构成了严峻的威胁。研究表明，使用选择性的推测性加载强化（Speculative Load Hardening，SLH）变种，可以有效地保护加密常数时间代码免受Spectre v1攻击。然而，SLH对于保护非加密代码来说还不够强大，这导致了终极SLH的引入，它为任意程序提供了保护，但由于它保守地假设所有数据都是秘密的，因此对于通用用途来说开销太大。在本文中，我们介绍了一种灵活的SLH概念，通过形式化推广选择性和终极SLH，实现了两者的最佳结合。我们为保护任意程序的这种转换给出了一个合适的安全性定义：任何在推测下运行的转换程序不应泄露比源程序按顺序泄露的更多信息。我们使用Rocq证明器形式化证明了两种灵活的SLH变种强制执行这种相对安全性保证。作为简单的推论，我们还得到终极SLH强制执行我们的相对安全性概念，以及值SLH和地址SLH的选择性变种强制执行推测性常数时间安全性。,罗伯托·布兰科,2025-02-05,2025-02-05,,N/A
2502.03201v1,SpaceGNN：用于节点异常检测的多空间图神经网络，具有极少的标签,http://arxiv.org/abs/2502.03201v1,节点异常检测（NAD）在深度学习领域受到了广泛关注，因为它在现实场景中有着多样化的应用。现有的NAD方法主要将图嵌入到单个欧几里得空间中，而忽略了非欧几里得空间的可能性。此外，为了解决实际NAD任务中普遍存在的监督信息有限的问题，先前的方法往往利用合成数据来收集辅助信息，但正如我们的实验所显示的那样，这并不是一个有效的解决方案。为了克服这些挑战，我们引入了一种新的SpaceGNN模型，专为具有极少量标签的NAD任务设计。具体来说，我们通过实证分析不同空间对节点表示的益处，对任务相关的框架提供了更深入的见解，基于此，我们设计了一个可学习的空间投影函数，该函数能够有效地将节点编码到合适的空间中。此外，我们引入了加权同质性的概念，我们通过实证和理论验证了它在信息传播过程中的有效性，这一概念启发了距离感知传播模块的设计。进一步地，我们提出了多个空间集成模块，在极少量监督的条件下，为NAD提取全面的信息。我们的发现表明，这个模块比数据增强技术对NAD更有益。在9个真实数据集上进行的广泛实验证实了SpaceGNN的优越性，它在AUC上平均优于最佳竞争对手8.55%，在F1分数上平均优于4.31%。我们的代码可在https://github.com/xydong127/SpaceGNN上找到。,东方祥宇,2025-02-05,2025-02-05,,N/A
2502.03200v1,大脑皮层：一种成本敏感的规则和树提取方法,http://arxiv.org/abs/2502.03200v1,基于树和基于规则的机器学习模型在可解释人工智能（XAI）中发挥着关键作用，因为它们具有独特的提供解释的能力，这种解释以树或规则集的形式呈现，易于理解和解释，这对于需要模型决策信任的应用至关重要。这些透明模型通常用于代理建模，这是一种事后XAI方法，用于解释黑盒模型的逻辑，使用户能够理解并信任复杂的预测系统，同时保持竞争优势。本研究提出了成本敏感规则和树提取（CORTEX）方法，这是一种基于多类成本敏感决策树（CSDT）方法的创新规则型XAI算法。CSDT的原版被扩展到具有两个以上类别的分类问题，通过引入n维类别相关成本矩阵的概念。CORTEX作为规则提取型XAI方法的表现与多个不同类别数量的数据集上的其他事后树和规则提取方法进行了比较。采用多个定量评估指标来评估生成的规则集的可解释性。我们的发现表明，CORTEX与其他基于树的算法具有竞争力，并且在不同的数据集上可能优于其他基于规则的算法。提取的规则集表明，在具有不同类别数量的数据集上，CORTEX方法通过产生平均更短、更小的规则集，相较于其他方法具有优势。总的来说，结果强调了CORTEX作为生成清晰、易于理解规则的同时保持良好预测性能的强大XAI工具的潜力。,玛丽亚·科帕尼亚,2025-02-05,2025-02-05,,N/A
2502.03199v1,通过大型语言模型的分词层间熵提升解码事实性,http://arxiv.org/abs/2502.03199v1,尽管大型语言模型（LLMs）拥有令人印象深刻的处理能力，但它们在生成不准确或虚构内容的问题上往往难以克服，即使它们拥有正确的知识。在本文中，我们将隐藏状态预测变化与输出真实性之间的相关性研究扩展到更深层次的标记级别。基于这些见解，我们提出了跨层熵增强解码（END）方法，这是一种无需额外训练即可减轻幻觉的解码方法。END利用层间概率变化来单独量化每个候选标记所需的事实知识，并调整最终的预测分布，优先考虑事实性更高的标记。在幻觉和问答基准测试上的实验表明，END显著提高了生成内容的真实性和信息量，同时保持了稳健的问答准确性。此外，我们的工作为理解内在知识与输出真实性之间的相关性提供了更深入的视角。,吴家梁,2025-02-05,2025-02-05,,N/A
2502.03198v1,SimSort：一种基于大规模电生理模拟的强大神经元尖峰排序框架,http://arxiv.org/abs/2502.03198v1,尖峰排序是神经记录中的一个关键过程，它能够识别和分离出大脑中电极记录的来自单个神经元的电信号，使研究人员能够研究特定神经元是如何进行交流和加工信息的。尽管存在许多尖峰排序方法，它们为神经科学领域带来了重大突破，但许多方法都是基于启发式设计的，这使得验证它们的正确性变得困难，因为从现实世界的神经记录中获取真实标签非常困难。在这项工作中，我们探索了一种基于数据驱动和深度学习的方法。我们首先通过使用生物现实计算模型进行电生理学模拟，创建了一个大规模数据集。然后，我们提出了一个名为SimSort的尖峰排序预训练框架。令人惊讶的是，当在模拟数据集上训练时，SimSort在零样本泛化到现实世界的尖峰排序任务中表现出强大的能力，显著优于现有方法。我们的发现强调了数据驱动技术在提高实验神经科学中尖峰排序的可靠性和可扩展性方面的潜力。,张一木,2025-02-05,2025-02-05,,N/A
2502.03195v1,兰道-利夫希茨解的N=2，D=5超引力,http://arxiv.org/abs/2502.03195v1,我们研究了仅依赖于一个坐标的解族，这些解族适用于N=2，五维超引力理论耦合矢量多重态。获得了四个适用于所有时空符号的解族。这些解的显式度规依赖于约束矩阵的约当标准形。对于所谓的STU模型，给出了三个电荷的例子。,W. A. Sabra 是一个名字，通常不需要翻译，除非它指的是某个特定的文化或语境中的知名人物。如果 W. A. Sabra 是一个人名，那么直接保留原名即可。如果需要翻译成中文，可以按照拼音写作“W. A. 萨布拉”。如果这个名字代表某个特定的角色或身份，请提供更多信息以便进行适当的翻译。,2025-02-05,2025-02-05,,N/A
2502.03191v1,《国家形成前社会的合作行为：阿克苏姆文明的基于代理的方法》,http://arxiv.org/abs/2502.03191v1,这项研究探讨了查尔斯·斯坦尼什的假设，即认为在不存在强制权威的情况下，前国家社会也能实现合作行为。通过将基于代理的模型应用于灵感来源于阿克苏姆文明的数据库，我们考察了在有和无公共物品博弈的情况下合作行为的动态。结果显示，尽管在短期内没有强制权力也能出现合作行为，但长期来看可能无法持续，这表明需要集中权力来培养稳定、复杂的社会。这些发现为理解导致国家形成和复杂社会结构的进化路径提供了洞见。,里卡多·瓦塞尔尼尼,2025-02-05,2025-02-05,,N/A
2502.03190v1,通过中微子耦合扰动$f(R)$引力缓解哈勃张力问题,http://arxiv.org/abs/2502.03190v1,这项研究考察了扰动 \(f(R)\) 引力和与中微子耦合的扰动 \(f(R)\) 引力框架下的哈勃常数 (\(H_0\)) 紧张关系，使用了最新的观测数据。数据集包括宇宙微波背景辐射（CMB）、重子声学振荡（BAO）、宇宙时钟（CC）、引力透镜和Pantheon超新星。我们比较了这些模型弥合普朗克2018年 (\(H_0 = 67.4 \pm 0.5 \ \text{km/s/Mpc}\)) 和局部R22测量 (\(H_0 = 73.5 \pm 1.04 \ \text{km/s/Mpc}\)) 之间差异的能力。在扰动 \(f(R)\) 引力中，推导出的 \(H_0\) 值与普朗克结果非常接近，但与R22存在较大紧张关系。引入中微子相互作用引入了额外的参数，使 \(H_0\) 值向更高值偏移，从而减少了与局部测量的紧张关系。值得注意的是，耦合模型与独立扰动 \(f(R)\) 模型相比，残余紧张关系更小，这表明中微子物理在改变晚期宇宙膨胀动力学中起着重要作用。虽然这两种模型都能为解决哈勃常数紧张关系提供见解，但与中微子耦合的 \(f(R)\) 引力模型在数据集上提供了更一致的匹配。,穆罕默德·亚拉哈马迪,2025-02-05,2025-02-05,,N/A
2502.03189v1,孤子基频率梳在Lugiato-Lefever方程中的存在性和稳定性,http://arxiv.org/abs/2502.03189v1,克尔频率梳是一种由频率空间中大量等间隔激发模式组成的光学信号。它们通过将连续波泵浦激光转换成光学微腔中的信号来生成。观察发现，微腔中克尔非线性与色散的相互作用可以导致一个稳定的由周期性序列的超短脉冲组成的光学信号，从而产生宽带频谱。发现稳定宽带频率梳可以在微腔中生成，这为光学通信、光谱学和频率计量学等领域开辟了广泛的应用前景。在微腔中最简单的物理模型是卢吉亚托-莱费弗方程，这是一个带有强迫项的阻尼非线性薛定谔方程。在这篇论文中，我们证明了卢吉亚托-莱费弗方程确实支持任意宽度的克尔频率梳，通过证明在单个周期区间内存在由任意数量良好分离、高度局部化和高度非线性脉冲组成的周期解的存在和稳定性。我们通过将问题表述为一个可逆动力学系统并利用同宿分岔理论的结果，将这些周期性多脉冲解实现为单个明亮腔孤子的串联。空间动力学公式使我们能够利用基于埃文斯函数技术和林的方法的一般结果，严格建立扩散光谱稳定性。这反过来又保证了周期性多脉冲解对局部化和次谐波扰动的非线性稳定性。,卢卡斯·本格尔,2025-02-05,2025-02-05,,N/A
2502.03188v1,EuskañolDS：一种用于巴斯克-西班牙语代码转换的自然来源语料库,http://arxiv.org/abs/2502.03188v1,代码转换（CS）在自然语言处理（NLP）中仍然是一个重大挑战，这主要是因为缺乏相关数据。在伊比利亚半岛北部巴斯克语和西班牙语接触的背景下，代码转换在正式和非正式的自发互动中经常发生。然而，分析这一现象并支持开发和理解以及生成代码转换语言模型的资源几乎不存在。我们介绍了一种开发巴斯克-西班牙语代码转换自然语料库的第一种方法。我们的方法包括使用语言识别模型从先前可用的语料库中识别代码转换文本，然后通过人工验证获得一组可靠的代码转换实例。我们展示了我们语料库的特性，并以Euska~nolDS的名字将其提供出来。,玛伊特·赫雷迪亚,2025-02-05,2025-02-05,,N/A
2502.03186v1,自偏置集成磁光器件,http://arxiv.org/abs/2502.03186v1,在向“6G之后”的电信平台竞赛中，由于在FR3频段（7-24 GHz）内具有广泛的调谐能力，磁子技术成为了一种有前景的解决方案。然而，到目前为止，为了实现自旋波的有序激发，外部磁偏置场的需求已经成为了一个主要的瓶颈。传统的笨重电磁铁功耗大，难以集成到芯片上，这限制了磁子技术的应用，使其主要停留在学术研究领域。在这里，我们首次展示了第一个独立、可调的磁子器件，该器件具有全电输入和输出，完全集成在硅基板上，占地面积仅为100 x 150 $\mu$m。该器件由一个CoFeB波导组成，配备有两个射频天线，两侧是T形磁通集中器的对称配置和矩形SmCo永磁微磁体。通过改变磁通集中器和永磁体之间的距离D（从0到12 $\mu$m），可以分别将横向偏置场调谐到20.5 mT到11 mT。这种变化直接调制了CoFeB波导中Damon-Eshbach自旋波模式的色散关系。在这些概念验证器件中，自旋波频率范围从3 GHz到8 GHz，通过在0-8 $\mu$m范围内改变D，在6 GHz处实现了高达120度的精确相位移调谐。通过优化的微磁体设计，工作频率范围甚至可以推高到更高的频率。,玛丽亚·科科内利,2025-02-05,2025-02-05,,N/A
2502.03183v1,MaxInfo：一种基于最大体积的无监督关键帧选择方法，以增强视频理解,http://arxiv.org/abs/2502.03183v1,现代大型视频语言模型（VLLMs）通常依赖于统一的帧采样来进行视频理解，但这种做法由于帧冗余和视频内容的变化，往往无法捕捉到关键信息。我们提出了MaxInfo，这是一种基于最大体积原理的无训练方法，它从输入视频中选取并保留最具代表性的帧。通过最大化所选嵌入形成的几何体积，MaxInfo确保所选帧覆盖了嵌入空间中最具信息量的区域，有效地减少了冗余同时保持了多样性。这种方法提高了输入表示的质量，并在多个基准测试中提升了长视频理解性能。例如，MaxInfo在LongVideoBench上实现了3.28%的提升，在LLaVA-Video-7B的EgoSchema上实现了6.4%的提升。它还为LLaVA-Video-72B带来了3.47%的提升。这种方法易于实现，并且可以与现有的VLLMs配合使用，无需额外训练，因此它是一种实用且有效的传统均匀采样方法的替代方案。,李鹏翼,2025-02-05,2025-02-05,,N/A
2502.03179v1,PhotoD与LSST：星系边缘的恒星光度距离,http://arxiv.org/abs/2502.03179v1,正如斯隆数字巡天（SDSS）、Pan-STARRS以及最近利用盖亚数据所展示的那样，宽带近紫外到近红外恒星光度测量可以用来估算银河系中恒星视线的距离、金属丰度和星际尘埃消光。预计Rubin的时空遗产巡天（LSST）将产生包含数十亿颗恒星的光度测量目录，我们提出了一种贝叶斯模型和管道，它基于先前的工作，能够处理LSST规模的数据集。似然计算利用了MIST/Dartmouth等时线，先验参数则来自P. Dal Tio等人基于TRILEGAL模拟的LSST目录。计算速度约为每颗星10毫秒，适用于优化的网格搜索和马尔可夫链蒙特卡洛方法；我们在K. Mrakovčić等人合著的配套论文中展示了如何利用神经网络将性能提升一个数量级。我们使用模拟目录和SDSS、DECam和盖亚光度测量来验证我们的管道，名为PhotoD（类似于光红移，即星系的光度红移）。我们打算通过Rubin科学平台，在每次LSST数据发布时，将基于LSST的增值PhotoD目录公开提供。,洛沃·帕拉弗塞拉,2025-02-05,2025-02-05,,N/A
2502.03173v1,引力目标坍缩模型的非平衡热力学,http://arxiv.org/abs/2502.03173v1,我们研究了Di\'osi-Penrose（DP）模型中的熵产生，DP模型是研究最为广泛的与引力相关的坍缩机制之一，也是其耗散扩展之一。为此，我们分析了单一谐振子在这种坍缩机制下的行为，重点关注其相空间动力学和熵产生速率的时间演化，这是非平衡热力学中的一个核心量。我们的发现表明，原始的DP模型会导致无界加热，仅在无限温度噪声场的假设下，其动力学才与热力学第二定律一致。相比之下，其耗散扩展在低耗散强度下实现了物理上一致的平衡化。我们进一步研究以解决耗散扩展的完整动力学，从而在短时间方法中明确地包括系统状态中缺乏的非高斯特征，这些特征在低耗散状态下不存在。,西蒙内·阿蒂尼,2025-02-05,2025-02-05,,N/A
2502.03170v1,重新审视PSF模型：统一框架与高性能实现,http://arxiv.org/abs/2502.03170v1,局部化显微镜通常依赖于点扩散函数的详细模型。对于去卷积或点扩散函数工程等应用，需要高数值孔径成像系统中光传播的精确模型。已经提出了基于二维傅里叶变换或一维贝塞尔积分的不同模型。最精确的模型结合了电场的矢量描述和精确的像差模型。然而，由于目前还没有对傅里叶和贝塞尔方法进行全面的比较，可能不清楚选择哪种模型。此外，许多现有的库是用Java编写的（例如我们之前的光学点扩散函数生成软件）或MATLAB，这阻碍了它们与深度学习算法的集成。在这项工作中，我们从原始的理查德-沃尔夫积分出发，系统地回顾了这两种方法。我们提出了一种统一框架，在其中我们证明了傅里叶和贝塞尔策略之间的等价性，并详细介绍了适用于两者的各种校正因子。然后，我们提供了一个基于PyTorch的高性能实现，PyTorch是一个流行的深度学习库。这使得我们能够对不同模型的准确性和计算速度进行基准测试，从而首次对现有模型进行了深入比较。我们表明，贝塞尔策略适用于轴对称光束，而傅里叶方法可以应用于更广泛的情况。我们的工作使得在CPU或GPU上高效计算点扩散函数成为可能，这可以随后被纳入模拟和优化流程中。,杨刘,2025-02-05,2025-02-05,,N/A
2502.03168v1,高能下的半硬相互作用,http://arxiv.org/abs/2502.03168v1,我们重新审视了一个迷你喷注模型，以研究在高能下总截面 $\sigma_{tot}$ 和散射振幅实部与虚部之比 $\rho$ 的行为。在这个框架下，$pp$ 和 $\bar{p}p$ 通道中 $\sigma_{tot}$ 的增长是由半硬子过程驱动的，这些过程主要由胶子相互作用主导。我们计算了喷注产生的 $\sigma_{tot}$ 的次主导阶 QCD 贡献。我们分别分析了 TOTEM 和 ATLAS/ALFA 合作组的数据，并在两种情况下都找到了证据，表明需要一种奇数半硬子成分，这种成分在高能下趋于显著。,T. V. Iser 是一个名字，通常不需要翻译，直接按照原文发音即可。但如果需要用中文表达，可以写作“T·V·艾瑟”。,2025-02-05,2025-02-05,,N/A
2502.03165v1,二维反铁磁MBene电极的超巨型隧穿磁阻：从材料设计到器件建模,http://arxiv.org/abs/2502.03165v1,自旋磁铁是一种新兴的不寻常磁性材料系列，其特征是时间反演对称性被破坏，在动量空间中存在自旋分裂能带，且净磁化强度为零。金属自旋磁铁在探索自旋电子学应用方面具有独特的优势，因为导电金属可以作为磁性隧道结（MTJ）的电极，或者通过外部场操纵自旋电流。通过密度泛函理论计算，预测二维自旋磁铁Cr4B3N是稳定的，这是由于在类似FeSe的CrB双层中用N原子取代Fe原子所致。Cr原子之间的层内和层间磁交换都是反铁磁性的，与最近三个邻居原子相互作用。利用在能带结构中揭示的各向异性自旋分裂和动量依赖性，我们设计了三种边缘相关的Cr4B3N/平方/Cr4B3N平面MTJ，真空间隙为7埃。我们发现，基于Cr-B垂直边缘组装的电极MTJ表现出巨大的隧道磁阻（TMR）比高达91001%，这是通过在动量空间中将电极的导电通道对齐为平行和反平行状态实现的。我们的工作加深并推广了对具有新建立的金属硼化物（MBene）的二维金属自旋磁铁的理解，并拓宽了纳米级自旋电子学的应用。,孙伟伟,2025-02-05,2025-02-05,,N/A
2502.03160v1,AL-Bench：自动日志记录的基准测试,http://arxiv.org/abs/2502.03160v1,日志记录，即在源代码中插入日志语句的实践，对于提高软件可靠性至关重要。最近，基于语言模型的自动化日志生成技术得到了发展。尽管这些方法在独立评估中显示出有希望的结果，但当应用于针对特定低质量数据和基于代码相似度的评估方法时，其有效性会降低。我们认为，一个全面的评估基准应包括以下三个方面：（1）一个高质量、多样化和大规模的数据集；（2）评估插入日志语句后代码的可编译性；（3）运行时以日志为导向的评估方法。为此，本文介绍了AL-Bench，这是一个专门为自动日志工具设计的全面基准。AL-Bench包含了一个高质量、多样化的数据集，该数据集从10个具有不同日志要求的广泛认可的项目中收集而来，并引入了一种新颖的动态评估方法。与现有日志论文中的评估不同，AL-Bench评估了插入日志语句后代码的可编译性以及它们在运行时生成的日志质量，我们认为这能更好地反映日志技术在实践中的有效性。AL-Bench揭示了最先进工具的重大局限性。由最先进工具生成的带有日志语句的代码在20.1%-83.6%的情况下无法编译。此外，即使是表现最好的工具，生成的运行时日志与真实日志语句之间的相似度也并不高，仅为0.213余弦相似度。这些结果表明，自动日志工具的开发还有很大的提升空间。,谭博因,2025-02-05,2025-02-05,,N/A
2502.03159v1,PICBench：光子集成电路设计的LLM基准测试,http://arxiv.org/abs/2502.03159v1,尽管大型语言模型（LLMs）在自动化数字芯片设计中的各种任务上展现出惊人的潜力，但在光子集成电路（PICs）领域——这是先进芯片设计的一个有希望的解决方案——在这个背景下相对未被充分探索。PICs的设计由于光子芯片设计中所涉及的代码广泛且重复，既耗时又容易出错。在本文中，我们介绍了PICBench，这是第一个专门为使用LLMs自动化PIC设计生成而设计的基准和评估框架，其中生成的输出形式为网表。我们的基准包括数十个精心设计的PIC设计问题，从基本的器件设计到更复杂的电路级设计。它通过将仿真输出与专家编写的解决方案进行比较，利用开源模拟器，自动评估生成的PIC设计的语法和功能。我们评估了多种现有的LLMs，同时也在各种提示工程技术上进行了比较测试，以增强LLMs在自动化PIC设计中的性能。结果表明，LLMs在PIC设计领域面临着挑战和潜力，为需要进一步研究和开发以优化该领域自动化关键领域提供了见解。我们的基准和评估代码可在https://github.com/PICDA/PICBench上获取。,吴宇超,2025-02-05,2025-02-05,,N/A
2502.03158v1,与人工智能策略化：来自美容大赛实验的见解,http://arxiv.org/abs/2502.03158v1,凯恩斯式美丽竞赛是一类广泛的猜测其他玩家中最受欢迎策略的游戏。特别是，猜测所有玩家选择数字的平均值的一部分，是一个经典的实验，旨在测试不同群体之间的迭代推理模式。之前的文献表明，对手的复杂程度是影响游戏结果的一个重要因素。更聪明的决策者会选择接近理论纳什均衡的策略，并在信息揭示的迭代竞赛中更快地收敛到均衡。我们通过运行虚拟实验，使用现代大型语言模型（LLMs）与各种虚拟玩家组进行比赛，复制了一系列经典实验。我们测试了LLMs的行为与人类玩家行为的先进程度。我们发现，LLMs通常考虑对手的复杂程度，并通过改变策略来适应。在各种设置中，大多数LLMs（除Llama外）比人类玩家更复杂，并且玩得更低的数字。我们的结果表明，LLMs（除Llama外）在识别潜在的战略环境和适应游戏参数变化方面相当成功，就像人类玩家一样。所有LLMs仍然无法在两人游戏中玩出主导策略。我们的结果有助于人工智能模拟人类经济代理的准确性讨论。,尤利娅·阿列克谢恩科,2025-02-05,2025-02-05,,N/A
2502.03155v1,多模态振铃模型使用 $\texttt{qnmfits}$ 和 $\texttt{KerrRingdown}$,http://arxiv.org/abs/2502.03155v1,在过去十年中，通过数值模拟的研究，环向衰减（ringdown）领域在理解双黑洞合并后的余波方面取得了重大进展。在这篇笔记中，我们介绍了两种经过相互验证的拟合算法，用于从环向衰减波形中提取准正常模态振幅——Python中的$\texttt{qnmfits}$和Mathematica中的$\texttt{KerrRingdown}$。,洛伦娜·马加恩·泽尔图切,2025-02-05,2025-02-05,,N/A
2502.03148v1,异常突变：进化策略不需要高斯分布,http://arxiv.org/abs/2502.03148v1,进化策略中的变异过程自其诞生以来就与正态分布紧密相连。许多推理线都给出了这种强烈依赖性的解释，从最大熵论证到各向同性的需求。然而，一些理论结果表明，其他分布也可能导致类似的局部收敛特性。本文通过实证研究显示，从（1+1）ES到CMA-ES的广泛进化策略，在使用除标准高斯分布之外的变异分布时，表现出可比的优化性能。例如，将其替换为均匀分布的变异，在使用策略参数的默认适应机制时，并不会降低ES的性能。我们观察到，这些结果不仅适用于球面模型，也适用于更广泛的基准问题。,雅各布·德·诺贝尔,2025-02-05,2025-02-05,,N/A
2502.03147v1,基于检索增强的大型语言模型的表格数据可扩展上下文学习,http://arxiv.org/abs/2502.03147v1,最近的研究表明，经过在表格数据上训练后定制的的大型语言模型（LLMs），能够获得通用的表格上下文学习（TabICL）能力。这些模型能够有效地跨多种数据模式和不同的任务领域进行迁移。然而，由于LLMs的序列长度限制，现有的基于LLM的TabICL方法受限于少样本场景，因为用明文表示的表格实例消耗了大量的标记。为了解决这一限制，并实现可扩展的TabICL以适应任何数据量，我们提出了针对表格数据的检索增强型LLMs。我们的方法结合了一个定制的检索模块，以及针对LLMs的检索引导指令微调。这使得LLMs能够有效地利用更大的数据集，在69个广泛认可的数据库上实现了显著的性能提升，并展示了有前景的扩展行为。与最先进的表格模型的大量比较表明，尽管基于LLM的TabICL在整体性能上仍落后于调优良好的数值模型，但在有限上下文中揭示了强大的算法，增强了集成多样性，并在特定数据集上表现出色。这些独特的特性强调了语言作为通用和易于访问的界面，在可扩展的表格数据学习中的潜力。,徐蒙文,2025-02-05,2025-02-05,,N/A
2502.03146v1,对称感知贝叶斯流网络用于晶体生成,http://arxiv.org/abs/2502.03146v1,新晶体材料的发现对于科学技术进步至关重要。然而，由于搜索空间巨大，传统的试错方法效率低下。近年来，机器学习的发展使得生成模型能够通过结合结构对称性来预测新的稳定材料，并将生成条件化在所需的属性上。在这项工作中，我们引入了SymmBFN，这是一种新颖的对称感知贝叶斯流网络（BFN），用于晶体材料生成，能够精确地复制实验观察到的晶体中空间群的分布。SymmBFN显著提高了效率，生成稳定结构的速度至少比次优方法快50倍。此外，我们还展示了其属性条件化生成的能力，使得设计具有特定属性的材料的成为可能。我们的发现将BFN确立为加速晶体材料发现的有效工具。,劳拉·鲁普尔,2025-02-05,2025-02-05,,N/A
2502.03144v1,多模式旅程的团队旅行规划查询问题,http://arxiv.org/abs/2502.03144v1,在团体旅行规划查询问题（GTP Query Problem）中，我们被给定一个城市道路网络，其中已经标记了许多兴趣点（PoI），并附有各自的类别（例如，食堂、公园、电影院等）。一群代理希望从各自的起始位置出发，访问每个类别的兴趣点，完成访问后，他们希望到达各自的终点。这个问题要求选择每个类别的哪个兴趣点，以使整个团队的旅行成本最小化。在过去十年中，这个问题已经被广泛研究，并提出了几种解决方案。然而，据我们所知，现有的研究都没有考虑旅行过程中的不同交通方式，这使得问题更加实用。为了填补这一空白，我们在本文中引入并研究了具有多模式旅行的GTP查询问题。除了GTP查询问题的其他输入外，我们还给出了可用的不同交通方式及其相应的成本。现在，问题不仅是要选择各自类别的兴趣点，还要选择旅行的交通方式。对于这个问题，我们提出了一种有效的解决方案，并对其时间要求和空间要求进行了分析。我们使用真实数据集进行了大量实验，并报告了结果。从结果中，我们观察到，所提出的解决方案推荐的兴趣点和旅行交通方式比基线方法节省了更多的时间和成本。,迪尔达尔·阿里,2025-02-05,2025-02-05,,N/A
2502.03143v1,基于机器学习的学生成绩预测，以提升分层教学,http://arxiv.org/abs/2502.03143v1,学生表现预测是教育数据挖掘中最重要的话题之一。作为一种现代技术，机器学习在特征提取和数据建模方面提供了强大的能力，为各种应用场景提供了必要支持，正如最近的研究所证实的那样，它在教育数据挖掘中的有效性得到了确认。然而，尽管进行了广泛的预测实验，机器学习方法尚未有效地融入实际的教学策略中，这阻碍了它们在现代教育中的应用。此外，将大量特征作为机器学习算法的输入变量往往会导致信息冗余，这可能会对预测准确性产生负面影响。因此，如何有效地利用机器学习方法来预测学生表现，并将预测结果与实际教学场景相结合，是一个值得研究的课题。为此，本研究将基于机器学习的学生表现预测结果与分层教学相结合，旨在提高目标课程的学生成绩，这对于教育数据挖掘在当代教学场景中的应用具有重要意义。具体来说，我们收集了原始的教育数据，并进行了特征选择以减少信息冗余。然后，分析了五种代表性机器学习方法的性能，并讨论了随机森林表现最佳。此外，基于对学生分类的结果，相应地应用分层教学，并为所有层次的学生设定不同的教学目标和内容。控制组和实验组教学成果的比较，以及问卷调查结果的分析，证明了所提出框架的有效性。,陈雅文,2025-02-05,2025-02-05,,N/A
2502.03142v1,DES到HSC：利用迁移学习在阿贝尔194星系团中检测低表面亮度星系,http://arxiv.org/abs/2502.03142v1,低表面亮度星系（LSBGs）对于理解星系演化和宇宙学模型至关重要。即将进行的大规模调查预计将揭示大量LSBGs，需要准确自动化的或基于机器学习的方法来检测它们。我们研究了迁移学习在识别LSBGs方面的应用范围。我们使用了两种分类的Transformer模型：LSBG检测Transformer（LSBG DETR）和LSBG视觉Transformer（LSBG ViT），这些模型在暗能量巡天（DES）数据上进行了训练，用于从专门的超级巡天相机（HSC）对阿贝尔194星系团的观测中识别LSBGs，这些观测比DES深两个星等。DES和HSC的数据基于像素级表面亮度进行了标准化。我们使用了两个Transformer集成来检测LSBGs。随后，我们使用单成分Se rsic模型进行拟合，并进行最终视觉检查，以过滤掉潜在的假阳性并提高样本纯度。我们利用HSC数据在阿贝尔194星系团中呈现了一个包含171个低表面亮度星系（LSBGs）的样本，其中包括87个新发现。在这些星系中，有159个是通过Transformer模型识别的，另外12个LSBGs是通过视觉检查发现的。在HSC数据中，Transformer模型在不进行任何微调的情况下实现了93%的真正率（TPR）。在这些LSBGs中，有28个被归类为超弥散星系（UDGs）。UDGs的数量和径向UDGs数密度表明，在以对数刻度上，UDGs的数量与星系团质量之间存在线性关系。UDGs与矮星系具有相似的Se rsic参数，并占据了$R_{\mathrm{eff}}-M_g$平面的扩展端，这表明它们可能是矮星系的一个扩展子群体。我们已经证明，在较浅的调查上训练的Transformer模型可以成功应用于适当数据归一化的较深调查。,"H. Thuruthipilly

（这个名字看起来像是一个人名，直接翻译成中文可能没有实际意义，所以这里保持原名不变。）",2025-02-05,2025-02-05,,N/A
2502.03140v1,一个关于47 Tucanae的JWST项目：多重星团的动力学、能量均分和各向异性,http://arxiv.org/abs/2502.03140v1,最近对詹姆斯·韦伯太空望远镜（JWST）的研究展示了它识别和化学表征球状星团中多个种群直至氢燃烧极限的能力。在本研究中，我们通过结合JWST、哈勃太空望远镜（HST）和盖亚（Gaia）的数据，探讨了球状星团47 Tucanae中多个种群的动力学。我们分析了从星团中心到约10个半主轴长度的速度弥散和各向异性分布。我们的发现表明，虽然1G（第一代）恒星是各向同性的，但2G（第二代）恒星在径向上具有显著各向异性。这些结果与模拟星团动力学演化的预测相一致，其中2G恒星最初比1G恒星更集中于星团中心。此外，我们将2G种群细分为两个亚种群：$2G_A$和$2G_B$，后者在化学上更为极端。我们比较了它们的动力学分布，发现没有显著差异。我们首次测量了47 Tucanae中多个种群之间的能量均分程度。总体而言，在分析半径范围内（约2-4个半主轴长度），两个种群都表现出低程度的能量均分。1G和2G恒星之间最显著的区别在于切向速度分量，2G恒星表现出比1G恒星更强的能量均分程度。在径向分量中，1G和2G恒星的行为更为多变，差异主要取决于半径。最后，我们的分析揭示，2G种群中旋转速度与速度弥散的比值更大，而1G恒星在切向自转运动中表现出更高的偏度，这为1G和2G种群在动力学特性上的差异提供了进一步证据。,"T. Ziliotto 这个名字看起来像是一个人名，翻译成中文时通常保持原名不变，所以翻译为：

T.齐利奥托",2025-02-05,2025-02-05,,N/A
2502.03139v1,使用高斯神经后验估计快速采样宇宙初始条件,http://arxiv.org/abs/2502.03139v1,从宇宙时间尺度上，原始物质密度场知识对于宇宙学至关重要。然而，从晚期观测中重建这些宇宙学初始条件是一项臭名昭著的难题，这需要先进的宇宙学模拟器和复杂的统计方法来探索数百万维度的参数空间。我们展示了如何利用基于模拟的推理（SBI）来解决这个问题，并以模拟效率高的方式获得受数据约束的原始暗物质密度场实现。我们的方法适用于全高分辨率暗物质N体模拟，并基于对约束初始条件后验分布的建模，使其在傅里叶空间中具有对角协方差矩阵的高斯分布。因此，我们可以在单个GPU上在几秒钟内生成数千个后验样本，比现有方法快几个数量级，为宇宙学场的顺序SBI铺平了道路。此外，我们对协方差随波数变化的估计进行了解析拟合，有效地将任何初始条件点估计器转化为快速采样器。我们通过比较总结统计量和进行贝叶斯一致性测试，测试了我们获得的样本的有效性。,奥列格·萨夫琴科,2025-02-05,2025-02-05,,N/A
2502.03138v1,利用Fermi-LAT探测TeV源1LHAASO J0249+6022周围的扩展伽马射线辐射,http://arxiv.org/abs/2502.03138v1,1LHAASO J0249+6022 是由大型高海拔空气 shower 观测站发现的扩展型超高能伽马射线源。基于来自费米大型面积望远镜近16.1年的数据，我们报告了1LHAASO J0249+6022在0.03-1 TeV 能量范围内的可能伽马射线发射。结果显示，其伽马射线谱可以用一个指数为1.54 ± 0.17的单幂律很好地拟合，积分光子通量为（4.28 ± 1.03）× 10$^{-11}$ 光子 cm$^{-2}$ s$^{-1}$。我们还从理论上考虑了非热辐射是否可能起源于脉冲星风星云（PWN）情景。假设注入星云的粒子具有幂律分布，逆康普顿散射产生的谱与探测到的GeV和TeV伽马射线通量一致。我们的研究表明，对于1LHAASO J0249+6022来说，PWN情景是合理的。,公云路,2025-02-05,2025-02-05,,N/A
2502.03135v1,基于深度神经网络代理模型的水下软鳍拍打运动,http://arxiv.org/abs/2502.03135v1,这项研究提出了一种新颖的框架，通过整合基于深度神经网络（DNN）的代理模型与强化学习（RL），实现对驱动水下机器人的精确力控制。为了解决与水下环境的复杂交互和高实验成本问题，一个DNN代理模型充当模拟器，以便为强化学习代理进行高效的训练。此外，还应用了网格切换控制，以选择针对特定力参考范围的优化模型，从而提高控制精度和稳定性。实验结果表明，在代理模拟器中训练的强化学习代理能够生成复杂的推力运动，并实现对真实软翼驱动器的精确控制。这种方法为在具有挑战性的水下环境中驱动翼型机器人的高效控制提供了一种解决方案。,滨松优雅,2025-02-05,2025-02-05,,N/A
2502.03134v1,哥谭数据集2025：一个可复现的大规模物联网网络数据集，用于入侵检测和安全研究,http://arxiv.org/abs/2502.03134v1,在这篇论文中，我们提出了一组物联网网络流量数据集。我们的数据集是通过利用哥谭测试床生成的，哥谭测试床是一个模拟的大规模物联网（IoT）网络，旨在为网络安全研究提供一个真实且异构的环境。测试床包括78个模拟的物联网设备，它们运行在不同的协议上，包括MQTT、CoAP和RTSP。网络流量使用tcpdump以数据包捕获（PCAP）格式进行捕获，并记录了正常和恶意流量。恶意流量是通过脚本攻击生成的，涵盖了各种攻击类型，如拒绝服务（DoS）、Telnet暴力破解、网络扫描、CoAP放大以及各种阶段的命令与控制（C&C）通信。随后，使用Tshark工具在Python中对数据进行处理，以提取特征，并将结果数据转换为逗号分隔值（CSV）格式并标注。数据仓库包括PCAP格式的原始网络流量和CSV格式的处理标注数据。我们的数据集是以分布式方式收集的，网络流量是在物联网网关与设备之间的接口处分别对每个物联网设备进行捕获的。由于其多样化的流量模式和攻击场景，这个数据集为开发针对复杂、大规模物联网环境的入侵检测系统和安全机制提供了宝贵的资源。该数据集在Zenodo上公开可用。,奥塞曼·贝尔拉比,2025-02-05,2025-02-05,,N/A
2502.03132v1,火花：一个用于人形机器人安全性的模块化基准测试,http://arxiv.org/abs/2502.03132v1,本文介绍了安全防护与辅助机器人套件（SPARK），这是一个旨在确保类人机器人自主和远程操作安全性的全面基准。由于类人机器人具有与复杂环境互动的物理能力，它们带来了显著的安全风险。类人机器人的物理结构也进一步增加了通用安全解决方案的设计复杂性。为了促进复杂机器人系统的安全部署，SPARK可以作为包含模块化和可组合机器人控制框架中最新安全控制算法的工具箱。用户可以轻松配置安全标准和灵敏度水平，以优化安全与性能之间的平衡。为了加速类人机器人的安全研究和开发，SPARK提供了一个模拟基准，比较了在各种环境、任务和机器人模型中的安全方法。此外，SPARK允许快速将合成安全控制器部署到真实机器人上。对于硬件部署，SPARK支持苹果视觉专业（AVP）或动作捕捉系统作为外部传感器，同时也提供了与其他硬件配置无缝集成的接口。本文通过模拟实验和与优必选G1类人机器人进行的案例研究，展示了SPARK的能力。利用SPARK的这些优势，用户和研究人员可以显著提高他们类人机器人系统的安全性，并加速相关研究。开源代码可在https://github.com/intelligent-control-lab/spark上获取。,孙一帆,2025-02-05,2025-02-05,,N/A
2502.03131v1,阿克塞尔罗德模型的层次组织熵分析,http://arxiv.org/abs/2502.03131v1,在复杂系统中，层次组织化的模式普遍存在。然而，在许多社会物理模型中，这一观点经常被误解，主要是因为在文献中，随机初始条件被远远地假设为最常见。在这篇文章中，我们研究了一个简单且准参数化的Axelrod文化动力学模型，该模型假设了结构化（层次组织化）的初始条件。首先值得注意的是，观察到的最大文化分支对应于之前描述的基于熵的框架的最高不可控状态。此外，该模型展示了文化模式的量子化，这可以通过该形式主义来解释。,"这个句子“Marcos E. Gaudiano”是一个人名，通常不需要翻译，因为它是一个专有名词。但如果需要用中文表达，可以保留原名，或者按照中文习惯进行音译：

马克斯·E·高迪亚诺",2025-02-05,2025-02-05,,N/A
2502.03130v1,太阳能协同：数据中心能源效率与可持续性的创新策略,http://arxiv.org/abs/2502.03130v1,当前与数据中心相关的一个趋势是为其提供可再生能源。本文提出了一种分析技术，用于一个使用太阳能电池板为100台传统服务器、物理基础设施和5个备用电池供电的数据中心模型。分析分为三个阶段：首先，提出了数据中心的功耗模型，以展示流量和总能耗的变化。然后，根据所需的功率设计了太阳能系统模型。在最后阶段，选择了所需的电池容量为（10000Ah-48V），以适应太阳能发电。,阿尔纳瓦尔·J·穆罕默德,2025-02-05,2025-02-05,,N/A
2502.03129v1,用关键要素理由教学大型语言模型进行以数字为中心的标题生成,http://arxiv.org/abs/2502.03129v1,以数字为中心的标题生成是一项需要既高文本质量又精确数值准确性的摘要任务，这对大型语言模型（LLMs）提出了独特的挑战。文献中的现有研究只关注文本质量或数值推理，因此不足以应对这一挑战。在本文中，我们提出了一种新颖的思维链框架，用于利用新闻文章中包含主题、实体和数值推理（TEN）关键要素的推理来增强LLMs生成与主题一致的高质量文本并具有精确数值准确性的能力。具体来说，我们使用一个教师LLM来生成TEN推理作为监督数据，然后利用这些数据来教授和微调一个学生LLM。我们的方法教会了学生LLM自动生成推理，并增强了其数值推理和主题一致数值标题生成的能力。实验表明，我们的方法在文本质量和数值准确性方面都取得了优异的性能。,真钱,2025-02-05,2025-02-05,,N/A
2502.03128v1,美狄亚：一种具有掩码生成预训练的基础性语音生成模型,http://arxiv.org/abs/2502.03128v1,我们推出了Metis，这是一个用于统一语音生成的基座模型。与之前的特定任务或多任务模型不同，Metis遵循预训练和微调的范式。它在大规模未标记语音数据上使用掩码生成模型进行预训练，然后通过微调来适应各种语音生成任务。具体来说，1）Metis利用两种离散的语音表示：从语音自监督学习（SSL）特征中提取的SSL标记，以及直接从波形中量化的声学标记。2）Metis对SSL标记进行掩码生成预训练，利用了30万小时的多样化语音数据，没有任何额外的条件。3）通过特定任务的微调条件，Metis能够高效地适应各种语音生成任务，同时支持多模态输入，即使在数据有限和可训练参数较少的情况下。实验表明，Metis可以作为统一语音生成的基座模型：在包括零样本文本到语音、声音转换、目标说话人提取、语音增强和唇语到语音在内的五个语音生成任务中，Metis的性能优于最先进的特定任务或多任务系统，即使可训练参数少于2000万个或训练数据量少300倍。音频样本可在https://metis-demo.github.io/上获取。,王远成,2025-02-05,2025-02-05,,N/A
2502.03126v1,一种鲁棒的机器学习原子间势能：用于Nb的碰撞级联模拟，具有精确的缺陷构型,http://arxiv.org/abs/2502.03126v1,钽（Nb）及其合金因其优良的机械性能、热性能和辐照性能而被广泛应用于各种技术领域。准确模拟辐照下的钽对于预测微观结构变化、缺陷演变和整体材料性能至关重要。传统的钽原子间势无法预测正确的自间隙原子（SIA）配置，这是辐照损伤模拟中的关键因素。我们开发了一种基于光谱邻近分析势（SNAP）框架的机器学习原子间势（MLIP），该势通过从头算密度泛函理论（DFT）计算进行训练，能够准确捕捉不同SIA哑铃配置的相对稳定性。所得到的势在保持计算效率的同时，能够再现DFT级别的精度，适用于大规模分子动力学（MD）模拟。通过一系列涉及弹性、热和缺陷性质（包括碰撞级联模拟）的验证测试，我们表明我们的SNAP势解决了现有嵌入原子法（EAM）和Finnis-Sinclair（FS）势中存在的持续限制，并且对于碰撞级联的MD模拟是有效的。值得注意的是，它能够准确捕捉到碰撞级联初级损伤中钽的基态SIA配置，为预测辐照研究提供了一种稳健的工具。,乌特卡什·巴德瓦杰,2025-02-05,2025-02-05,,N/A
2502.03123v1,《差异中的解耦：通过最大化因子间差异直接学习语义解耦表示》,http://arxiv.org/abs/2502.03123v1,在这项研究中，提出了差异解耦（Disentanglement in Difference，DiD）方法，旨在解决解耦表示学习中的潜在变量统计独立性与其语义解耦目标之间的固有矛盾。传统的解耦方法通过提高潜在变量之间的统计独立性来实现解耦表示。然而，潜在变量的统计独立性并不必然意味着它们在语义上无关，因此提高统计独立性并不总是能增强解耦性能。为了解决上述问题，DiD方法被提出，旨在直接学习潜在变量的语义差异，而不是它们的统计独立性。在DiD中，设计了一个差异编码器来衡量语义差异；建立了一个对比损失函数来促进维度间的比较。这两者都允许模型直接区分和分解不同的语义因素，从而解决统计独立性和语义解耦之间的不一致性。在dSprites和3DShapes数据集上的实验结果表明，所提出的DiD在各种解耦指标上均优于现有的主流方法。,张星神,2025-02-05,2025-02-05,,N/A
2502.03121v1,亚波长光栅中由外延范德华材料制成的连续介质中的光学束缚态,http://arxiv.org/abs/2502.03121v1,高折射率（在1100纳米处为4.4）、在近红外光谱范围内吸收极小以及易于加工，使得MoSe$_2$成为近红外光子学应用的理想材料。迄今为止，由于缺乏大面积的MoSe$_2$衬底，基于MoSe$_2$的光子结构的应用受到了阻碍。分子束外延技术能够生产出表面面积几英寸、厚度可控制在亚纳米级别的均匀MoSe$_2$层。在本研究中，我们通过理论计算设计，并采用简单的光刻工艺，从42纳米厚的外延生长MoSe$_2$层中制作出超薄亚波长光栅。我们的偏振分辨反射率测量证实，这些光栅承载着一种独特的受限于连续介质中的束缚光学模式。此外，所制备的结构将三次谐波产生的效率提高了三个数量级以上，与未结构化的MoSe$_2$层相比。这些研究结果对于实现用于激光、波前控制和光的高级拓扑状态的平坦、超紧凑器件具有前景。,埃米莉亚·普鲁什尼茨卡-卡尔博尼克,2025-02-05,2025-02-05,,N/A
2502.03120v1,在马哈库姆布节日期间，信仰遭遇了悲剧：利用机器学习和自然语言处理技术对踩踏事件模式进行的计算分析,http://arxiv.org/abs/2502.03120v1,这项研究运用机器学习、历史分析和自然语言处理（NLP）来考察印度大规模宗教集会中反复发生的致命踩踏事件，重点关注2025年在普拉亚格拉的玛哈库姆布悲剧（48人死亡）及其1954年的前身（700多人伤亡）。通过计算建模人群动态和行政记录，研究探讨了系统性脆弱性如何导致这些灾难。时间趋势分析确定了持续的瓶颈，狭窄的河岸通道与92%的过去踩踏现场和致命的人群密度（每平方米八人或以上）有关，这些密度在精神上重要的时刻，如马乌尼阿马瓦西雅，会反复出现。对七十年调查报告的NLP分析揭示了周期性的行政失败，其中1954年和2025年的VIP路线优先级导致安全资源被分散，加剧了死亡人数。统计建模表明，仪式的紧迫性压倒了风险感知，导致恐慌传播模式与历史事件相似。研究结果支持了“机构健忘理论”，突显出灾害应对措施仍然只是反应性的而非预防性的。通过将档案模式与计算人群行为分析相关联，这项研究将踩踏事件描述为基础设施限制、社会精神紧迫性和治理惰性的碰撞，挑战灾害话语，探讨精神经济如何使可预防的死亡率正常化。,阿宾纳夫·普拉塔普,2025-02-05,2025-02-05,,N/A
2502.03119v1,Cox比例风险模型与随机生存森林算法在临床试验数据中预测患者特异性生存概率的比较,http://arxiv.org/abs/2502.03119v1,Cox比例风险模型常用于对随机对照试验（RCT）中具有时间至事件结局的数据进行模型开发。随机生存森林（RSF）是一种以高预测性能著称的机器学习算法。我们进行了一项全面的比较研究，以比较Cox回归和RSF在现实世界和模拟数据中的预测性能。我们根据预测模型比较的建议，使用多个性能指标进行比较。我们发现，虽然在使用$C$指数时，RSF通常优于Cox模型，但Cox模型的预测可能更准确。在总体性能方面，Cox模型在非比例风险设置中通常优于RSF，而其他情况下，RSF通常表现更好，尤其是在样本量较小的情况下。总体而言，RSF的性能更容易受到较高截尾率的影响，而Cox模型的总体性能更容易受到样本量较小的影响。,里卡达·格拉夫,2025-02-05,2025-02-05,,N/A
2502.03118v1,Tell2Reg：通过相同的语言提示建立图像之间的空间对应关系,http://arxiv.org/abs/2502.03118v1,空间对应可以通过成对的分割区域来表示，因此图像配准网络的目标是分割对应区域，而不是预测位移场或变换参数。在这项工作中，我们展示了使用基于GroundingDINO和SAM的预训练大型多模态模型，可以通过相同的语言提示在两张不同的图像上预测出这样的对应区域对。这实现了一种完全自动化且无需训练的配准算法，可能适用于广泛的图像配准任务。在本文中，我们展示了使用一项具有挑战性的任务——配准不同受试者的前列腺MRI图像的实验结果，这项任务涉及到患者之间高度可变的强度和形态。Tell2Reg无需训练，消除了之前进行此配准任务所需的高成本和时间消耗的数据整理和标注。这种方法优于测试过的基于无监督学习的配准方法，其性能与弱监督方法相当。此外，还展示了额外的定性结果，表明这是首次发现语言语义与空间对应之间存在潜在的相关性，包括语言提示区域的空间不变性和所获得局部与全局对应之间语言提示的差异。代码可在https://github.com/yanwenCi/Tell2Reg.git上找到。,文彦,2025-02-05,2025-02-05,,N/A
2502.03117v1,基于元学习的人流计数和定位模型，采用商用WiFi网卡中的信道状态信息（CSI）,http://arxiv.org/abs/2502.03117v1,在这篇论文中，我们考虑了利用从商用WiFi网卡（NIC）测量的信道状态信息（CSI）进行的人流计数和定位系统。虽然CSI包含了描述感兴趣测量环境中信号传播的有用信息，如幅度和相位，但CSI测量由于各种不确定性而受到偏移的影响。此外，不可控的外部环境中其他WiFi设备之间的通信会产生干扰信号，导致接收器捕获到的CSI出现错误。在本文中，首先提出了CSI预处理方法以消除偏移，该方法保证了低延迟操作且无需任何滤波过程。随后，我们基于预训练设计了人流计数和定位模型。为了适应不同的测量环境，还提出了基于元学习的人流计数和定位模型。数值结果表明，与遵循简单训练和测试程序的其他学习方案相比，所提出的基于元学习的人流计数和定位模型可以实现更高的感知精度。,查吉勋,2025-02-05,2025-02-05,,N/A
